state,district,total_population,age_0_29_percent,age_30_49_percent,age_50_plus_percent,literacy_rate,avg_household_size,urban_rural,monthly_income_bracket,asset_ownership_score,ev_adoption_propensity
Andhra Pradesh,Adilabad,2741239,56.05,25.7,15.41,59.0,4.27,Rural,100-200k,3.01,0.37
Andhra Pradesh,Adilabad,2741239,56.05,25.7,15.41,59.0,4.36,Urban,100-200k,3.48,0.38
Andhra Pradesh,Anantapur,4081148,53.65,27.07,18.12,62.8,4.28,Rural,100-200k,3.03,0.39
Andhra Pradesh,Anantapur,4081148,53.65,27.07,18.12,62.8,4.35,Urban,50-100k,3.28,0.4
Andhra Pradesh,Chittoor,4174064,51.46,27.77,19.34,69.5,4.08,Rural,200k+,4.29,0.45
Andhra Pradesh,Chittoor,4174064,51.46,27.77,19.34,69.5,4.09,Urban,100-200k,4.33,0.45
Andhra Pradesh,East Godavari,5154296,52.86,28.69,18.39,68.32,3.65,Rural,200k+,4.16,0.44
Andhra Pradesh,East Godavari,5154296,52.86,28.69,18.39,68.32,3.75,Urban,100-200k,4.55,0.46
Andhra Pradesh,Guntur,4887813,52.86,28.07,19.0,66.75,3.76,Rural,100-200k,3.67,0.42
Andhra Pradesh,Guntur,4887813,52.86,28.07,19.0,66.75,3.94,Urban,50-100k,3.78,0.43
Andhra Pradesh,Hyderabad,3943323,57.04,27.09,13.76,83.85,4.63,Urban,100-200k,4.97,0.51
Andhra Pradesh,Karimnagar,3776269,51.38,27.32,19.29,63.28,3.9,Rural,100-200k,3.52,0.4
Andhra Pradesh,Karimnagar,3776269,51.38,27.32,19.29,63.28,4.16,Urban,100-200k,4.0,0.42
Andhra Pradesh,Khammam,2797370,54.72,27.69,17.09,65.07,3.76,Rural,100-200k,3.75,0.42
Andhra Pradesh,Khammam,2797370,54.72,27.69,17.09,65.07,3.9,Urban,100-200k,4.01,0.43
Andhra Pradesh,Krishna,4517398,51.82,28.44,18.46,69.0,3.59,Rural,100-200k,3.96,0.44
Andhra Pradesh,Krishna,4517398,51.82,28.44,18.46,69.0,3.76,Urban,100-200k,4.06,0.44
Andhra Pradesh,Kurnool,4053463,58.44,25.99,15.02,58.36,4.57,Rural,100-200k,3.15,0.37
Andhra Pradesh,Kurnool,4053463,58.44,25.99,15.02,58.36,4.63,Urban,50-100k,3.51,0.38
Andhra Pradesh,Mahbubnagar,4053028,58.25,25.35,15.73,54.74,4.67,Rural,100-200k,3.22,0.36
Andhra Pradesh,Mahbubnagar,4053028,58.25,25.35,15.73,54.74,4.73,Urban,100-200k,3.45,0.37
Andhra Pradesh,Medak,3033288,57.22,25.71,16.79,57.71,4.62,Rural,100-200k,3.19,0.37
Andhra Pradesh,Medak,3033288,57.22,25.71,16.79,57.71,4.47,Urban,100-200k,3.68,0.39
Andhra Pradesh,Nalgonda,3488809,55.39,25.71,18.68,60.71,4.05,Rural,100-200k,3.61,0.39
Andhra Pradesh,Nalgonda,3488809,55.39,25.71,18.68,60.71,4.1,Urban,100-200k,3.64,0.39
Andhra Pradesh,Nizamabad,2551335,54.86,26.51,17.15,57.15,4.28,Rural,100-200k,3.44,0.38
Andhra Pradesh,Nizamabad,2551335,54.86,26.51,17.15,57.15,4.65,Urban,100-200k,3.67,0.39
Andhra Pradesh,Prakasam,3397448,53.94,27.0,18.89,60.99,4.01,Rural,100-200k,3.58,0.4
Andhra Pradesh,Prakasam,3397448,53.94,27.0,18.89,60.99,3.95,Urban,100-200k,3.56,0.4
Andhra Pradesh,Rangareddy,5296741,56.02,27.49,13.93,75.33,4.55,Rural,200k+,4.17,0.46
Andhra Pradesh,Rangareddy,5296741,56.02,27.49,13.93,75.33,4.22,Urban,100-200k,4.64,0.48
Andhra Pradesh,Sri Potti Sriramulu Nellore,2963557,53.14,28.36,18.36,66.07,3.75,Rural,200k+,4.24,0.44
Andhra Pradesh,Sri Potti Sriramulu Nellore,2963557,53.14,28.36,18.36,66.07,3.94,Urban,100-200k,4.29,0.44
Andhra Pradesh,Srikakulam,2703114,52.65,27.65,19.56,59.69,4.01,Rural,200k+,3.82,0.4
Andhra Pradesh,Srikakulam,2703114,52.65,27.65,19.56,59.69,4.02,Urban,100-200k,4.01,0.41
Andhra Pradesh,Visakhapatnam,4290589,53.01,29.03,16.69,64.41,3.98,Rural,200k+,4.25,0.44
Andhra Pradesh,Visakhapatnam,4290589,53.01,29.03,16.69,64.41,3.97,Urban,100-200k,4.65,0.45
Andhra Pradesh,Vizianagaram,2344474,51.46,28.42,19.26,54.55,4.08,Rural,200k+,3.91,0.39
Andhra Pradesh,Vizianagaram,2344474,51.46,28.42,19.26,54.55,4.0,Urban,100-200k,4.17,0.4
Andhra Pradesh,Warangal,3512576,53.86,26.8,18.93,63.42,4.01,Rural,100-200k,3.24,0.39
Andhra Pradesh,Warangal,3512576,53.86,26.8,18.93,63.42,4.15,Urban,100-200k,3.6,0.41
Andhra Pradesh,West Godavari,3936966,52.11,28.65,19.19,72.05,3.61,Rural,200k+,4.2,0.46
Andhra Pradesh,West Godavari,3936966,52.11,28.65,19.19,72.05,3.76,Urban,100-200k,4.5,0.47
Andhra Pradesh,Y.S.R.,2882469,53.9,27.53,18.4,65.77,4.04,Rural,200k+,3.67,0.42
Andhra Pradesh,Y.S.R.,2882469,53.9,27.53,18.4,65.77,4.36,Urban,100-200k,3.68,0.42
Arunachal Pradesh,Anjaw,21167,65.73,22.46,11.6,53.39,4.69,Rural,25-50k,1.86,0.31
Arunachal Pradesh,Anjaw,21167,65.73,22.46,11.6,53.39,3.46,Urban,<25k,2.35,0.32
Arunachal Pradesh,Changlang,148226,65.19,23.62,11.07,56.09,5.24,Rural,25-50k,2.02,0.32
Arunachal Pradesh,Changlang,148226,65.19,23.62,11.07,56.09,4.05,Urban,25-50k,2.54,0.34
Arunachal Pradesh,East Kameng,78690,68.31,22.78,8.84,54.76,5.46,Rural,<25k,1.91,0.31
Arunachal Pradesh,East Kameng,78690,68.31,22.78,8.84,54.76,5.16,Urban,50-100k,2.47,0.33
Arunachal Pradesh,East Siang,99214,62.48,25.53,11.9,74.39,5.52,Rural,50-100k,2.57,0.4
Arunachal Pradesh,East Siang,99214,62.48,25.53,11.9,74.39,4.49,Urban,25-50k,3.02,0.42
Arunachal Pradesh,Kurung Kumey,92076,69.92,22.5,7.42,46.2,5.95,Rural,<25k,1.46,0.27
Arunachal Pradesh,Kurung Kumey,92076,69.92,22.5,7.42,46.2,4.93,Urban,50-100k,1.89,0.29
Arunachal Pradesh,Lohit,145726,65.12,24.36,10.43,61.31,5.05,Rural,<25k,2.16,0.35
Arunachal Pradesh,Lohit,145726,65.12,24.36,10.43,61.31,4.4,Urban,25-50k,2.53,0.36
Arunachal Pradesh,Lower Dibang Valley,54080,64.98,24.51,10.45,68.86,4.89,Rural,<25k,2.35,0.38
Arunachal Pradesh,Lower Dibang Valley,54080,64.98,24.51,10.45,68.86,4.13,Urban,25-50k,2.87,0.39
Arunachal Pradesh,Lower Subansiri,83030,66.55,24.46,8.93,75.78,5.58,Rural,50-100k,2.67,0.41
Arunachal Pradesh,Lower Subansiri,83030,66.55,24.46,8.93,75.78,4.41,Urban,25-50k,3.07,0.42
Arunachal Pradesh,Papum Pare,176573,68.3,24.81,6.71,79.95,5.45,Rural,50-100k,3.6,0.45
Arunachal Pradesh,Papum Pare,176573,68.3,24.81,6.71,79.95,4.54,Urban,50-100k,4.27,0.47
Arunachal Pradesh,Tawang,49977,61.45,27.71,10.8,57.59,4.15,Rural,100-200k,2.82,0.37
Arunachal Pradesh,Tawang,49977,61.45,27.71,10.8,57.59,3.78,Urban,50-100k,3.61,0.39
Arunachal Pradesh,Tirap,111975,64.11,22.92,12.88,48.65,5.72,Rural,50-100k,2.32,0.31
Arunachal Pradesh,Tirap,111975,64.11,22.92,12.88,48.65,4.33,Urban,25-50k,2.74,0.32
Arunachal Pradesh,Upper Siang,35320,59.71,25.23,14.87,61.88,5.0,Rural,50-100k,2.4,0.36
Arunachal Pradesh,Upper Siang,35320,59.71,25.23,14.87,61.88,4.23,Urban,50-100k,2.91,0.37
Arunachal Pradesh,Upper Subansiri,83448,67.17,24.03,8.66,61.48,5.37,Rural,<25k,1.88,0.34
Arunachal Pradesh,Upper Subansiri,83448,67.17,24.03,8.66,61.48,5.08,Urban,50-100k,2.39,0.35
Arunachal Pradesh,West Kameng,83947,63.17,26.64,10.12,65.44,4.67,Rural,50-100k,2.86,0.39
Arunachal Pradesh,West Kameng,83947,63.17,26.64,10.12,65.44,3.93,Urban,25-50k,3.25,0.4
Arunachal Pradesh,West Siang,112274,62.72,25.21,12.0,69.84,5.81,Rural,50-100k,2.46,0.38
Arunachal Pradesh,West Siang,112274,62.72,25.21,12.0,69.84,4.4,Urban,25-50k,3.18,0.41
Assam,Baksa,950075,59.27,26.97,13.69,66.02,5.03,Rural,<25k,1.47,0.35
Assam,Baksa,950075,59.27,26.97,13.69,66.02,4.9,Urban,25-50k,1.69,0.36
Assam,Barpeta,1693622,63.31,23.92,12.72,57.46,5.03,Rural,<25k,1.58,0.32
Assam,Barpeta,1693622,63.31,23.92,12.72,57.46,4.64,Urban,50-100k,2.12,0.33
Assam,Bongaigaon,738804,62.1,25.02,12.85,62.48,5.0,Rural,<25k,1.83,0.34
Assam,Bongaigaon,738804,62.1,25.02,12.85,62.48,4.32,Urban,25-50k,2.72,0.37
Assam,Cachar,1736617,60.4,25.62,13.92,76.64,4.62,Rural,<25k,1.99,0.39
Assam,Cachar,1736617,60.4,25.62,13.92,76.64,4.57,Urban,50-100k,2.66,0.41
Assam,Chirang,482162,62.53,25.35,12.09,60.05,5.0,Rural,<25k,1.55,0.33
Assam,Chirang,482162,62.53,25.35,12.09,60.05,4.59,Urban,25-50k,1.98,0.34
Assam,Darrang,928500,62.84,24.4,12.72,56.46,4.94,Rural,<25k,1.53,0.31
Assam,Darrang,928500,62.84,24.4,12.72,56.46,4.42,Urban,50-100k,2.05,0.33
Assam,Dhemaji,686133,63.29,24.72,11.96,68.45,5.36,Rural,<25k,1.52,0.35
Assam,Dhemaji,686133,63.29,24.72,11.96,68.45,4.73,Urban,25-50k,1.96,0.36
Assam,Dhubri,1949258,66.0,22.54,11.38,48.18,4.69,Rural,<25k,1.41,0.28
Assam,Dhubri,1949258,66.0,22.54,11.38,48.18,4.62,Urban,25-50k,1.94,0.29
Assam,Dibrugarh,1326335,57.84,28.04,14.08,72.19,4.93,Rural,25-50k,2.38,0.4
Assam,Dibrugarh,1326335,57.84,28.04,14.08,72.19,4.43,Urban,50-100k,3.15,0.42
Assam,Dima Hasao,214102,63.27,25.08,11.6,70.97,5.12,Rural,<25k,2.06,0.38
Assam,Dima Hasao,214102,63.27,25.08,11.6,70.97,4.63,Urban,50-100k,2.65,0.39
Assam,Goalpara,1008183,64.52,23.79,11.65,60.04,5.08,Rural,25-50k,1.8,0.33
Assam,Goalpara,1008183,64.52,23.79,11.65,60.04,4.78,Urban,25-50k,2.13,0.34
Assam,Golaghat,1066888,58.97,27.1,13.89,73.6,4.82,Rural,<25k,1.91,0.39
Assam,Golaghat,1066888,58.97,27.1,13.89,73.6,4.35,Urban,50-100k,2.44,0.4
Assam,Hailakandi,659296,63.69,23.7,12.57,70.15,4.62,Rural,<25k,1.61,0.35
Assam,Hailakandi,659296,63.69,23.7,12.57,70.15,4.68,Urban,50-100k,2.25,0.37
Assam,Jorhat,1092256,55.38,28.89,15.66,79.17,4.8,Rural,25-50k,2.24,0.42
Assam,Jorhat,1092256,55.38,28.89,15.66,79.17,4.29,Urban,50-100k,2.78,0.44
Assam,Kamrup,1517542,59.03,26.9,14.02,71.71,5.01,Rural,25-50k,2.04,0.38
Assam,Kamrup,1517542,59.03,26.9,14.02,71.71,4.66,Urban,50-100k,2.39,0.39
Assam,Kamrup Metropolitan,1253938,52.59,32.02,15.22,88.6,4.8,Rural,50-100k,3.52,0.5
Assam,Kamrup Metropolitan,1253938,52.59,32.02,15.22,88.6,4.19,Urban,100-200k,4.22,0.52
Assam,Karbi Anglong,956313,64.69,24.44,10.78,64.25,5.4,Rural,<25k,1.74,0.34
Assam,Karbi Anglong,956313,64.69,24.44,10.78,64.25,4.69,Urban,25-50k,2.13,0.35
Assam,Karimganj,1228686,63.47,23.14,13.35,72.36,4.94,Rural,<25k,1.69,0.36
Assam,Karimganj,1228686,63.47,23.14,13.35,72.36,4.64,Urban,50-100k,2.43,0.38
Assam,Kokrajhar,887142,62.3,25.33,12.28,58.96,4.95,Rural,<25k,1.65,0.33
Assam,Kokrajhar,887142,62.3,25.33,12.28,58.96,4.52,Urban,50-100k,2.35,0.35
Assam,Lakhimpur,1042137,61.35,25.8,12.82,71.26,5.22,Rural,<25k,1.74,0.37
Assam,Lakhimpur,1042137,61.35,25.8,12.82,71.26,4.37,Urban,25-50k,2.27,0.38
Assam,Morigaon,957423,64.0,23.52,12.35,60.55,5.2,Rural,<25k,1.6,0.32
Assam,Morigaon,957423,64.0,23.52,12.35,60.55,4.49,Urban,25-50k,1.98,0.34
Assam,Nagaon,2823768,62.98,24.01,12.97,66.21,5.09,Rural,<25k,1.78,0.35
Assam,Nagaon,2823768,62.98,24.01,12.97,66.21,4.62,Urban,25-50k,2.31,0.36
Assam,Nalbari,771639,57.29,27.39,15.27,73.78,5.07,Rural,25-50k,2.0,0.39
Assam,Nalbari,771639,57.29,27.39,15.27,73.78,4.73,Urban,50-100k,2.38,0.4
Assam,Sivasagar,1151050,56.3,28.75,14.92,76.7,4.77,Rural,25-50k,2.19,0.41
Assam,Sivasagar,1151050,56.3,28.75,14.92,76.7,4.23,Urban,50-100k,2.79,0.43
Assam,Sonitpur,1924110,60.29,26.05,13.6,63.87,5.01,Rural,<25k,1.91,0.35
Assam,Sonitpur,1924110,60.29,26.05,13.6,63.87,4.28,Urban,50-100k,2.58,0.37
Assam,Tinsukia,1327929,60.23,26.52,13.21,65.68,5.06,Rural,25-50k,2.31,0.37
Assam,Tinsukia,1327929,60.23,26.52,13.21,65.68,4.53,Urban,50-100k,2.89,0.39
Assam,Udalguri,831668,60.03,26.64,13.22,60.5,4.99,Rural,<25k,1.6,0.34
Assam,Udalguri,831668,60.03,26.64,13.22,60.5,4.49,Urban,50-100k,2.09,0.35
Bihar,Araria,2811569,66.62,21.77,11.53,41.96,4.92,Rural,<25k,1.33,0.25
Bihar,Araria,2811569,66.62,21.77,11.53,41.96,5.1,Urban,25-50k,1.97,0.27
Bihar,Arwal,700843,63.42,22.26,14.06,57.11,5.74,Rural,<25k,1.63,0.31
Bihar,Arwal,700843,63.42,22.26,14.06,57.11,5.88,Urban,<25k,2.2,0.33
Bihar,Aurangabad,2540073,64.05,22.23,13.42,65.15,6.0,Rural,<25k,1.86,0.34
Bihar,Aurangabad,2540073,64.05,22.23,13.42,65.15,5.96,Urban,50-100k,2.66,0.36
Bihar,Banka,2034763,63.46,22.71,13.7,52.32,5.3,Rural,<25k,1.82,0.3
Bihar,Banka,2034763,63.46,22.71,13.7,52.32,5.15,Urban,25-50k,2.47,0.32
Bihar,Begusarai,2970541,65.7,21.71,12.46,55.48,4.97,Rural,<25k,1.94,0.31
Bihar,Begusarai,2970541,65.7,21.71,12.46,55.48,5.22,Urban,25-50k,2.46,0.33
Bihar,Bhagalpur,3037766,64.29,22.21,13.09,57.99,5.25,Rural,25-50k,2.28,0.33
Bihar,Bhagalpur,3037766,64.29,22.21,13.09,57.99,5.45,Urban,50-100k,2.88,0.35
Bihar,Bhojpur,2728407,63.13,22.47,14.2,61.4,6.05,Rural,<25k,1.84,0.33
Bihar,Bhojpur,2728407,63.13,22.47,14.2,61.4,6.04,Urban,50-100k,2.78,0.36
Bihar,Buxar,1706352,62.99,22.0,14.89,68.37,6.13,Rural,<25k,1.72,0.34
Bihar,Buxar,1706352,62.99,22.0,14.89,68.37,5.86,Urban,50-100k,2.57,0.37
Bihar,Darbhanga,3937385,64.39,21.99,13.44,45.19,4.93,Rural,<25k,1.71,0.27
Bihar,Darbhanga,3937385,64.39,21.99,13.44,45.19,5.16,Urban,50-100k,2.39,0.3
Bihar,Gaya,4391418,63.99,21.33,12.24,54.05,5.95,Rural,<25k,1.91,0.3
Bihar,Gaya,4391418,63.99,21.33,12.24,54.05,5.98,Urban,50-100k,2.9,0.33
Bihar,Gopalganj,2562012,64.12,21.32,14.47,58.58,6.08,Rural,<25k,1.95,0.32
Bihar,Gopalganj,2562012,64.12,21.32,14.47,58.58,6.0,Urban,25-50k,2.45,0.33
Bihar,Jamui,1760405,64.53,22.27,12.9,52.87,5.54,Rural,<25k,1.79,0.3
Bihar,Jamui,1760405,64.53,22.27,12.9,52.87,5.53,Urban,25-50k,2.46,0.32
Bihar,Jehanabad,1125313,63.47,22.62,13.78,55.52,5.86,Rural,<25k,1.83,0.31
Bihar,Jehanabad,1125313,63.47,22.62,13.78,55.52,5.87,Urban,50-100k,2.82,0.34
Bihar,Kaimur (Bhabua),1626384,63.9,21.73,13.95,62.54,6.04,Rural,<25k,1.7,0.33
Bihar,Kaimur (Bhabua),1626384,63.9,21.73,13.95,62.54,5.95,Urban,50-100k,2.91,0.36
Bihar,Katihar,3071029,66.89,21.5,11.51,42.88,4.93,Rural,<25k,1.49,0.26
Bihar,Katihar,3071029,66.89,21.5,11.51,42.88,5.05,Urban,25-50k,2.26,0.28
Bihar,Khagaria,1666886,66.87,21.33,11.75,45.95,5.04,Rural,<25k,1.71,0.27
Bihar,Khagaria,1666886,66.87,21.33,11.75,45.95,5.29,Urban,25-50k,2.33,0.29
Bihar,Kishanganj,1690400,67.42,21.36,11.15,44.07,5.0,Rural,<25k,1.49,0.26
Bihar,Kishanganj,1690400,67.42,21.36,11.15,44.07,4.99,Urban,25-50k,2.04,0.28
Bihar,Lakhisarai,1000912,65.0,21.86,13.05,52.94,5.88,Rural,25-50k,2.31,0.32
Bihar,Lakhisarai,1000912,65.0,21.86,13.05,52.94,5.63,Urban,50-100k,2.68,0.33
Bihar,Madhepura,2001762,65.53,22.19,12.11,40.97,4.97,Rural,<25k,1.39,0.25
Bihar,Madhepura,2001762,65.53,22.19,12.11,40.97,5.02,Urban,25-50k,1.93,0.27
Bihar,Madhubani,4487379,63.74,22.49,13.64,51.83,5.03,Rural,<25k,1.66,0.3
Bihar,Madhubani,4487379,63.74,22.49,13.64,51.83,5.25,Urban,25-50k,2.21,0.31
Bihar,Munger,1367765,62.89,23.16,13.77,61.65,5.13,Rural,25-50k,2.58,0.35
Bihar,Munger,1367765,62.89,23.16,13.77,61.65,5.31,Urban,50-100k,3.2,0.37
Bihar,Muzaffarpur,4801062,62.83,22.48,14.52,56.59,5.03,Rural,<25k,1.91,0.32
Bihar,Muzaffarpur,4801062,62.83,22.48,14.52,56.59,5.26,Urban,50-100k,2.72,0.34
Bihar,Nalanda,2877653,63.56,22.32,14.01,53.44,5.76,Rural,<25k,1.76,0.3
Bihar,Nalanda,2877653,63.56,22.32,14.01,53.44,5.74,Urban,50-100k,2.65,0.33
Bihar,Nawada,2219146,64.93,21.88,13.01,49.99,6.12,Rural,<25k,1.77,0.29
Bihar,Nawada,2219146,64.93,21.88,13.01,49.99,6.0,Urban,25-50k,2.55,0.31
Bihar,Pashchim Champaran,3935042,64.66,22.57,12.65,50.7,5.42,Rural,<25k,1.53,0.29
Bihar,Pashchim Champaran,3935042,64.66,22.57,12.65,50.7,5.26,Urban,25-50k,2.08,0.3
Bihar,Patna,5838465,62.12,23.68,13.97,57.18,5.76,Rural,25-50k,2.93,0.35
Bihar,Patna,5838465,62.12,23.68,13.97,57.18,5.56,Urban,100-200k,3.9,0.38
Bihar,Purba Champaran,5099371,65.04,22.01,12.71,51.52,5.16,Rural,<25k,1.64,0.29
Bihar,Purba Champaran,5099371,65.04,22.01,12.71,51.52,5.41,Urban,25-50k,2.21,0.31
Bihar,Purnia,3264619,66.03,21.34,11.42,42.55,4.99,Rural,<25k,1.47,0.26
Bihar,Purnia,3264619,66.03,21.34,11.42,42.55,5.12,Urban,25-50k,2.12,0.28
Bihar,Rohtas,2959918,63.35,22.76,13.76,67.25,6.02,Rural,<25k,2.0,0.35
Bihar,Rohtas,2959918,63.35,22.76,13.76,67.25,5.78,Urban,50-100k,2.81,0.38
Bihar,Saharsa,1900661,65.75,21.88,12.3,41.15,5.09,Rural,<25k,1.55,0.26
Bihar,Saharsa,1900661,65.75,21.88,12.3,41.15,5.3,Urban,25-50k,2.24,0.28
Bihar,Samastipur,4261566,64.93,21.43,13.35,51.77,5.08,Rural,<25k,1.66,0.29
Bihar,Samastipur,4261566,64.93,21.43,13.35,51.77,5.18,Urban,25-50k,2.55,0.32
Bihar,Saran,3951862,63.67,21.43,14.81,62.15,5.99,Rural,<25k,1.92,0.33
Bihar,Saran,3951862,63.67,21.43,14.81,62.15,5.92,Urban,50-100k,2.54,0.35
Bihar,Sheikhpura,636342,64.98,21.51,13.36,51.82,6.0,Rural,<25k,1.9,0.3
Bihar,Sheikhpura,636342,64.98,21.51,13.36,51.82,5.83,Urban,50-100k,2.56,0.32
Bihar,Sheohar,656246,64.19,21.32,14.23,44.9,4.43,Rural,<25k,1.5,0.26
Bihar,Sheohar,656246,64.19,21.32,14.23,44.9,4.76,Urban,<25k,1.8,0.27
Bihar,Sitamarhi,3423574,64.45,21.61,13.12,43.68,4.67,Rural,<25k,1.56,0.26
Bihar,Sitamarhi,3423574,64.45,21.61,13.12,43.68,5.06,Urban,25-50k,2.18,0.28
Bihar,Siwan,3330464,63.52,21.43,14.96,61.52,6.02,Rural,<25k,1.91,0.33
Bihar,Siwan,3330464,63.52,21.43,14.96,61.52,5.96,Urban,50-100k,2.74,0.35
Bihar,Supaul,2229076,65.2,22.21,12.45,45.85,5.03,Rural,<25k,1.37,0.27
Bihar,Supaul,2229076,65.2,22.21,12.45,45.85,5.08,Urban,25-50k,1.97,0.29
Bihar,Vaishali,3495021,62.28,21.72,13.91,56.57,5.43,Rural,<25k,1.86,0.31
Bihar,Vaishali,3495021,62.28,21.72,13.91,56.57,5.77,Urban,25-50k,2.34,0.33
Chandigarh,Chandigarh,1055450,57.08,28.78,14.11,81.38,4.05,Rural,100-200k,5.92,0.54
Chandigarh,Chandigarh,1055450,57.08,28.78,14.11,81.38,4.36,Urban,200k+,5.78,0.53
Chhattisgarh,Bastar,1413199,61.16,25.34,13.41,47.15,4.62,Rural,25-50k,1.88,0.3
Chhattisgarh,Bastar,1413199,61.16,25.34,13.41,47.15,4.42,Urban,50-100k,2.62,0.32
Chhattisgarh,Bijapur,255230,65.57,25.0,9.37,34.74,4.67,Rural,<25k,1.45,0.25
Chhattisgarh,Bijapur,255230,65.57,25.0,9.37,34.74,4.22,Urban,25-50k,1.89,0.26
Chhattisgarh,Bilaspur,2663629,61.03,24.59,14.27,62.86,4.45,Rural,100-200k,2.56,0.36
Chhattisgarh,Bilaspur,2663629,61.03,24.59,14.27,62.86,4.71,Urban,100-200k,3.41,0.39
Chhattisgarh,Dakshin Bastar Dantewada,533638,62.77,26.27,10.9,36.21,4.46,Rural,<25k,1.76,0.27
Chhattisgarh,Dakshin Bastar Dantewada,533638,62.77,26.27,10.9,36.21,4.1,Urban,50-100k,2.62,0.29
Chhattisgarh,Dhamtari,799781,57.66,26.63,15.68,71.81,4.73,Rural,100-200k,2.84,0.41
Chhattisgarh,Dhamtari,799781,57.66,26.63,15.68,71.81,4.59,Urban,100-200k,3.35,0.42
Chhattisgarh,Durg,3343872,57.41,26.86,15.66,73.66,4.88,Rural,100-200k,2.98,0.42
Chhattisgarh,Durg,3343872,57.41,26.86,15.66,73.66,4.66,Urban,100-200k,3.77,0.44
Chhattisgarh,Janjgir - Champa,1619707,60.2,23.66,16.11,63.44,4.56,Rural,100-200k,2.68,0.37
Chhattisgarh,Janjgir - Champa,1619707,60.2,23.66,16.11,63.44,4.7,Urban,100-200k,3.22,0.38
Chhattisgarh,Jashpur,851669,57.41,25.18,17.39,60.13,4.61,Rural,25-50k,1.66,0.33
Chhattisgarh,Jashpur,851669,57.41,25.18,17.39,60.13,4.55,Urban,50-100k,2.32,0.35
Chhattisgarh,Kabeerdham,822526,62.73,24.14,13.11,52.36,4.64,Rural,100-200k,2.33,0.32
Chhattisgarh,Kabeerdham,822526,62.73,24.14,13.11,52.36,4.57,Urban,100-200k,2.93,0.34
Chhattisgarh,Korba,1206640,60.47,25.65,13.84,64.61,4.26,Rural,50-100k,2.54,0.37
Chhattisgarh,Korba,1206640,60.47,25.65,13.84,64.61,4.55,Urban,50-100k,3.51,0.4
Chhattisgarh,Koriya,658917,60.64,25.04,14.28,68.89,4.24,Rural,25-50k,2.18,0.37
Chhattisgarh,Koriya,658917,60.64,25.04,14.28,68.89,4.67,Urban,50-100k,3.2,0.4
Chhattisgarh,Mahasamund,1032754,56.41,26.34,17.22,62.38,4.25,Rural,50-100k,2.35,0.36
Chhattisgarh,Mahasamund,1032754,56.41,26.34,17.22,62.38,4.46,Urban,100-200k,2.92,0.38
Chhattisgarh,Narayanpur,139820,65.33,24.29,10.28,41.96,5.06,Rural,<25k,1.62,0.27
Chhattisgarh,Narayanpur,139820,65.33,24.29,10.28,41.96,4.35,Urban,50-100k,2.07,0.29
Chhattisgarh,Raigarh,1493984,56.36,26.66,16.97,67.41,4.08,Rural,50-100k,2.48,0.38
Chhattisgarh,Raigarh,1493984,56.36,26.66,16.97,67.41,4.49,Urban,100-200k,3.21,0.41
Chhattisgarh,Raipur,4063872,60.39,25.55,13.78,67.83,4.69,Rural,100-200k,2.9,0.39
Chhattisgarh,Raipur,4063872,60.39,25.55,13.78,67.83,4.69,Urban,100-200k,3.72,0.42
Chhattisgarh,Rajnandgaon,1537133,58.48,26.31,15.16,68.32,4.94,Rural,100-200k,2.48,0.38
Chhattisgarh,Rajnandgaon,1537133,58.48,26.31,15.16,68.32,4.54,Urban,100-200k,3.1,0.4
Chhattisgarh,Surguja,2359886,61.08,23.81,15.05,54.5,4.5,Rural,25-50k,1.85,0.31
Chhattisgarh,Surguja,2359886,61.08,23.81,15.05,54.5,4.79,Urban,50-100k,2.8,0.34
Chhattisgarh,Uttar Bastar Kanker,748941,58.43,26.38,15.15,65.23,4.77,Rural,50-100k,2.13,0.37
Chhattisgarh,Uttar Bastar Kanker,748941,58.43,26.38,15.15,65.23,4.26,Urban,50-100k,2.83,0.39
Goa,North Goa,818008,46.57,31.85,21.4,86.95,4.44,Rural,200k+,3.76,0.5
Goa,North Goa,818008,46.57,31.85,21.4,86.95,4.21,Urban,100-200k,4.01,0.51
Goa,South Goa,640537,49.1,30.42,20.39,85.01,4.37,Rural,200k+,3.84,0.49
Goa,South Goa,640537,49.1,30.42,20.39,85.01,4.24,Urban,100-200k,4.12,0.5
Gujarat,Ahmadabad,7214225,54.79,28.33,16.61,82.8,4.98,Rural,200k+,3.98,0.48
Gujarat,Ahmadabad,7214225,54.79,28.33,16.61,82.8,4.71,Urban,200k+,4.33,0.49
Gujarat,Amreli,1514190,55.23,25.75,18.65,72.34,5.14,Rural,100-200k,3.25,0.42
Gujarat,Amreli,1514190,55.23,25.75,18.65,72.34,5.01,Urban,100-200k,3.46,0.42
Gujarat,Anand,2092745,54.23,27.96,17.51,81.14,4.86,Rural,100-200k,3.2,0.45
Gujarat,Anand,2092745,54.23,27.96,17.51,81.14,4.83,Urban,100-200k,3.49,0.46
Gujarat,Banas Kantha,3120506,63.6,23.66,12.65,58.54,5.55,Rural,50-100k,2.66,0.35
Gujarat,Banas Kantha,3120506,63.6,23.66,12.65,58.54,5.03,Urban,100-200k,3.08,0.36
Gujarat,Bharuch,1551019,54.44,28.53,16.42,80.33,4.74,Rural,100-200k,3.13,0.45
Gujarat,Bharuch,1551019,54.44,28.53,16.42,80.33,4.49,Urban,100-200k,3.57,0.46
Gujarat,Bhavnagar,2880365,59.33,25.01,15.45,78.77,5.49,Rural,100-200k,3.3,0.44
Gujarat,Bhavnagar,2880365,59.33,25.01,15.45,78.77,4.96,Urban,100-200k,3.63,0.45
Gujarat,Dohad,2127086,65.94,21.96,11.85,49.03,6.11,Rural,50-100k,2.22,0.3
Gujarat,Dohad,2127086,65.94,21.96,11.85,49.03,5.23,Urban,100-200k,3.03,0.33
Gujarat,Gandhinagar,1391753,55.28,28.16,16.16,80.67,4.86,Rural,200k+,3.86,0.47
Gujarat,Gandhinagar,1391753,55.28,28.16,16.16,80.67,4.67,Urban,100-200k,3.94,0.47
Gujarat,Jamnagar,2160119,56.51,26.68,16.59,73.52,5.13,Rural,100-200k,3.73,0.44
Gujarat,Jamnagar,2160119,56.51,26.68,16.59,73.52,4.78,Urban,100-200k,3.87,0.44
Gujarat,Junagadh,2743082,55.7,27.31,16.83,73.37,5.21,Rural,100-200k,3.5,0.43
Gujarat,Junagadh,2743082,55.7,27.31,16.83,73.37,4.9,Urban,100-200k,3.83,0.44
Gujarat,Kachchh,2092371,61.11,25.05,13.67,68.27,4.73,Rural,100-200k,3.68,0.42
Gujarat,Kachchh,2092371,61.11,25.05,13.67,68.27,4.52,Urban,100-200k,3.69,0.42
Gujarat,Kheda,2299885,54.81,27.32,16.9,77.5,4.92,Rural,100-200k,2.91,0.43
Gujarat,Kheda,2299885,54.81,27.32,16.9,77.5,4.82,Urban,100-200k,3.25,0.44
Gujarat,Mahesana,2035064,55.01,27.24,17.57,77.57,4.82,Rural,100-200k,3.61,0.45
Gujarat,Mahesana,2035064,55.01,27.24,17.57,77.57,4.75,Urban,100-200k,3.72,0.45
Gujarat,Narmada,590297,57.06,26.75,15.83,65.77,4.85,Rural,100-200k,2.39,0.38
Gujarat,Narmada,590297,57.06,26.75,15.83,65.77,4.49,Urban,50-100k,2.81,0.39
Gujarat,Navsari,1329672,50.62,29.36,19.48,79.27,4.57,Rural,100-200k,3.26,0.45
Gujarat,Navsari,1329672,50.62,29.36,19.48,79.27,4.47,Urban,100-200k,3.63,0.46
Gujarat,Panch Mahals,2390776,59.47,25.09,15.2,64.83,5.32,Rural,100-200k,2.6,0.37
Gujarat,Panch Mahals,2390776,59.47,25.09,15.2,64.83,4.84,Urban,100-200k,3.56,0.4
Gujarat,Patan,1343734,58.52,25.41,15.89,64.91,5.07,Rural,100-200k,2.94,0.38
Gujarat,Patan,1343734,58.52,25.41,15.89,64.91,4.8,Urban,100-200k,3.19,0.39
Gujarat,Porbandar,585449,53.79,27.97,18.04,74.17,4.74,Rural,100-200k,3.75,0.45
Gujarat,Porbandar,585449,53.79,27.97,18.04,74.17,4.7,Urban,100-200k,3.83,0.45
Gujarat,Rajkot,3804558,54.69,27.67,17.34,78.67,5.05,Rural,200k+,4.05,0.47
Gujarat,Rajkot,3804558,54.69,27.67,17.34,78.67,4.68,Urban,200k+,4.16,0.47
Gujarat,Sabar Kantha,2428589,57.36,25.98,16.51,70.36,5.09,Rural,100-200k,3.33,0.41
Gujarat,Sabar Kantha,2428589,57.36,25.98,16.51,70.36,4.79,Urban,100-200k,3.66,0.42
Gujarat,Surat,6081322,58.6,28.62,11.9,82.91,4.59,Rural,100-200k,3.59,0.47
Gujarat,Surat,6081322,58.6,28.62,11.9,82.91,4.61,Urban,100-200k,4.1,0.49
Gujarat,Surendranagar,1756268,58.84,25.02,15.98,68.91,5.17,Rural,100-200k,3.36,0.41
Gujarat,Surendranagar,1756268,58.84,25.02,15.98,68.91,4.82,Urban,100-200k,3.7,0.42
Gujarat,Tapi,807022,52.3,29.12,17.91,62.65,4.65,Rural,100-200k,2.54,0.38
Gujarat,Tapi,807022,52.3,29.12,17.91,62.65,4.64,Urban,100-200k,3.04,0.4
Gujarat,The Dangs,228291,64.0,22.7,13.15,60.73,5.46,Rural,50-100k,1.94,0.33
Gujarat,The Dangs,228291,64.0,22.7,13.15,60.73,4.54,Urban,50-100k,2.25,0.34
Gujarat,Vadodara,4165626,53.14,28.57,17.61,76.07,4.99,Rural,100-200k,3.49,0.45
Gujarat,Vadodara,4165626,53.14,28.57,17.61,76.07,4.45,Urban,200k+,4.06,0.46
Gujarat,Valsad,1705678,55.38,28.49,15.24,74.25,4.93,Rural,100-200k,3.26,0.43
Gujarat,Valsad,1705678,55.38,28.49,15.24,74.25,4.3,Urban,100-200k,3.76,0.45
Haryana,Ambala,1128350,54.76,27.31,17.87,78.65,5.28,Rural,200k+,4.18,0.47
Haryana,Ambala,1128350,54.76,27.31,17.87,78.65,4.73,Urban,200k+,4.62,0.48
Haryana,Bhiwani,1634445,59.04,24.83,15.99,69.96,5.25,Rural,100-200k,3.21,0.41
Haryana,Bhiwani,1634445,59.04,24.83,15.99,69.96,5.01,Urban,100-200k,3.54,0.42
Haryana,Faridabad,1809733,60.54,26.6,12.77,78.6,5.69,Rural,200k+,4.46,0.48
Haryana,Faridabad,1809733,60.54,26.6,12.77,78.6,4.84,Urban,200k+,4.95,0.49
Haryana,Fatehabad,942011,59.0,25.16,15.65,61.81,5.22,Rural,100-200k,3.08,0.38
Haryana,Fatehabad,942011,59.0,25.16,15.65,61.81,5.05,Urban,100-200k,3.46,0.39
Haryana,Gurgaon,1514432,57.81,28.27,13.89,80.82,5.18,Rural,200k+,4.24,0.48
Haryana,Gurgaon,1514432,57.81,28.27,13.89,80.82,4.33,Urban,100-200k,4.59,0.49
Haryana,Hisar,1743931,58.36,26.18,15.2,68.8,5.24,Rural,100-200k,3.27,0.41
Haryana,Hisar,1743931,58.36,26.18,15.2,68.8,4.97,Urban,100-200k,3.99,0.43
Haryana,Jhajjar,958405,57.38,25.57,16.94,77.08,5.21,Rural,100-200k,3.23,0.43
Haryana,Jhajjar,958405,57.38,25.57,16.94,77.08,4.9,Urban,100-200k,3.62,0.44
Haryana,Jind,1334152,58.77,25.16,16.0,66.49,5.33,Rural,100-200k,3.15,0.39
Haryana,Jind,1334152,58.77,25.16,16.0,66.49,5.13,Urban,100-200k,3.84,0.42
Haryana,Kaithal,1074304,58.66,24.74,16.41,63.61,5.25,Rural,100-200k,3.23,0.39
Haryana,Kaithal,1074304,58.66,24.74,16.41,63.61,5.08,Urban,100-200k,3.66,0.4
Haryana,Karnal,1505324,58.79,25.27,15.59,69.5,5.24,Rural,200k+,3.72,0.42
Haryana,Karnal,1505324,58.79,25.27,15.59,69.5,4.86,Urban,200k+,4.4,0.44
Haryana,Kurukshetra,964655,57.23,26.0,16.61,70.81,5.21,Rural,200k+,3.78,0.43
Haryana,Kurukshetra,964655,57.23,26.0,16.61,70.81,4.79,Urban,200k+,4.42,0.45
Haryana,Mahendragarh,922088,57.48,24.88,17.49,71.96,5.3,Rural,100-200k,3.3,0.41
Haryana,Mahendragarh,922088,57.48,24.88,17.49,71.96,5.28,Urban,100-200k,3.55,0.42
Haryana,Mewat,1089263,72.61,17.16,10.16,42.35,6.26,Rural,50-100k,2.36,0.27
Haryana,Mewat,1089263,72.61,17.16,10.16,42.35,5.78,Urban,100-200k,2.83,0.28
Haryana,Palwal,1042708,65.62,21.49,12.84,60.36,5.9,Rural,100-200k,3.06,0.36
Haryana,Palwal,1042708,65.62,21.49,12.84,60.36,5.55,Urban,100-200k,3.47,0.37
Haryana,Panchkula,561293,55.07,27.98,16.68,77.27,5.28,Rural,200k+,4.96,0.49
Haryana,Panchkula,561293,55.07,27.98,16.68,77.27,4.43,Urban,100-200k,4.86,0.49
Haryana,Panipat,1205437,61.31,24.78,13.87,72.64,5.33,Rural,200k+,3.62,0.43
Haryana,Panipat,1205437,61.31,24.78,13.87,72.64,4.93,Urban,100-200k,4.35,0.45
Haryana,Rewari,900332,57.62,25.62,16.72,75.49,5.13,Rural,100-200k,3.53,0.43
Haryana,Rewari,900332,57.62,25.62,16.72,75.49,4.93,Urban,100-200k,3.8,0.44
Haryana,Rohtak,1061204,57.08,25.38,17.5,75.03,5.22,Rural,200k+,3.42,0.43
Haryana,Rohtak,1061204,57.08,25.38,17.5,75.03,4.96,Urban,200k+,4.14,0.45
Haryana,Sirsa,1295189,57.92,25.81,16.07,65.5,5.27,Rural,100-200k,3.16,0.39
Haryana,Sirsa,1295189,57.92,25.81,16.07,65.5,5.01,Urban,100-200k,3.92,0.42
Haryana,Sonipat,1450001,58.98,24.84,16.09,74.33,5.27,Rural,100-200k,3.37,0.42
Haryana,Sonipat,1450001,58.98,24.84,16.09,74.33,4.98,Urban,100-200k,4.04,0.44
Haryana,Yamunanagar,1214205,57.22,26.17,16.59,72.27,5.35,Rural,200k+,3.94,0.44
Haryana,Yamunanagar,1214205,57.22,26.17,16.59,72.27,4.8,Urban,200k+,4.45,0.45
Himachal Pradesh,Bilaspur,381956,50.71,28.11,21.07,81.37,4.77,Rural,200k+,3.62,0.47
Himachal Pradesh,Bilaspur,381956,50.71,28.11,21.07,81.37,4.29,Urban,100-200k,4.12,0.48
Himachal Pradesh,Chamba,519080,59.06,25.16,15.71,67.69,5.11,Rural,100-200k,2.71,0.38
Himachal Pradesh,Chamba,519080,59.06,25.16,15.71,67.69,4.18,Urban,100-200k,3.51,0.41
Himachal Pradesh,Hamirpur,454768,49.27,27.25,23.45,83.15,4.37,Rural,200k+,3.47,0.46
Himachal Pradesh,Hamirpur,454768,49.27,27.25,23.45,83.15,4.15,Urban,100-200k,3.89,0.48
Himachal Pradesh,Kangra,1510075,50.76,27.76,21.15,80.91,4.55,Rural,200k+,3.56,0.46
Himachal Pradesh,Kangra,1510075,50.76,27.76,21.15,80.91,4.01,Urban,100-200k,4.01,0.47
Himachal Pradesh,Kinnaur,84121,50.36,31.62,17.92,78.18,4.01,Rural,50-100k,2.84,0.45
Himachal Pradesh,Kullu,437903,55.89,27.52,16.51,74.89,4.7,Rural,100-200k,2.92,0.42
Himachal Pradesh,Kullu,437903,55.89,27.52,16.51,74.89,3.88,Urban,50-100k,3.85,0.45
Himachal Pradesh,Mandi,999777,52.44,27.94,19.47,76.81,4.64,Rural,200k+,3.2,0.44
Himachal Pradesh,Mandi,999777,52.44,27.94,19.47,76.81,4.0,Urban,100-200k,3.8,0.46
Himachal Pradesh,Shimla,814010,52.3,29.72,17.88,81.66,4.71,Rural,100-200k,2.95,0.45
Himachal Pradesh,Shimla,814010,52.3,29.72,17.88,81.66,3.65,Urban,50-100k,3.69,0.47
Himachal Pradesh,Sirmaur,529855,58.55,25.83,15.56,72.08,5.36,Rural,100-200k,3.42,0.42
Himachal Pradesh,Sirmaur,529855,58.55,25.83,15.56,72.08,4.3,Urban,100-200k,4.05,0.44
Himachal Pradesh,Solan,580320,55.41,28.81,15.65,80.46,4.85,Rural,100-200k,3.96,0.48
Himachal Pradesh,Solan,580320,55.41,28.81,15.65,80.46,3.76,Urban,50-100k,4.22,0.48
Himachal Pradesh,Una,521173,52.42,27.31,20.22,82.0,4.81,Rural,200k+,4.04,0.48
Himachal Pradesh,Una,521173,52.42,27.31,20.22,82.0,4.58,Urban,100-200k,4.25,0.48
Jharkhand,Bokaro,2062330,61.16,24.75,13.68,68.12,5.17,Rural,50-100k,3.2,0.4
Jharkhand,Bokaro,2062330,61.16,24.75,13.68,68.12,5.14,Urban,50-100k,3.98,0.42
Jharkhand,Chatra,1042886,66.42,21.37,12.15,52.15,5.6,Rural,<25k,1.69,0.29
Jharkhand,Chatra,1042886,66.42,21.37,12.15,52.15,5.51,Urban,50-100k,2.63,0.32
Jharkhand,Deoghar,1492073,63.33,22.68,13.77,55.53,5.48,Rural,25-50k,2.24,0.32
Jharkhand,Deoghar,1492073,63.33,22.68,13.77,55.53,5.35,Urban,100-200k,3.31,0.36
Jharkhand,Dhanbad,2684487,60.9,24.17,13.28,72.22,5.26,Rural,100-200k,3.47,0.42
Jharkhand,Dhanbad,2684487,60.9,24.17,13.28,72.22,5.19,Urban,100-200k,4.04,0.43
Jharkhand,Dumka,1321442,60.49,24.54,14.84,52.8,4.8,Rural,<25k,1.64,0.31
Jharkhand,Dumka,1321442,60.49,24.54,14.84,52.8,5.02,Urban,50-100k,2.72,0.34
Jharkhand,Garhwa,1322784,65.08,21.47,13.43,53.95,5.19,Rural,<25k,1.47,0.29
Jharkhand,Garhwa,1322784,65.08,21.47,13.43,53.95,5.2,Urban,50-100k,2.3,0.32
Jharkhand,Giridih,2445474,65.32,21.83,12.8,54.47,5.88,Rural,25-50k,2.21,0.32
Jharkhand,Giridih,2445474,65.32,21.83,12.8,54.47,5.59,Urban,100-200k,3.09,0.34
Jharkhand,Godda,1313551,62.45,23.5,13.97,48.05,5.09,Rural,<25k,1.81,0.29
Jharkhand,Godda,1313551,62.45,23.5,13.97,48.05,5.26,Urban,50-100k,2.84,0.32
Jharkhand,Gumla,1025213,62.78,22.03,15.16,63.47,5.46,Rural,<25k,1.46,0.32
Jharkhand,Gumla,1025213,62.78,22.03,15.16,63.47,5.11,Urban,25-50k,2.41,0.35
Jharkhand,Hazaribagh,1734495,63.85,22.86,13.26,62.28,5.61,Rural,50-100k,2.79,0.36
Jharkhand,Hazaribagh,1734495,63.85,22.86,13.26,62.28,5.41,Urban,100-200k,3.64,0.39
Jharkhand,Jamtara,791042,60.79,24.0,14.77,53.81,5.12,Rural,25-50k,1.94,0.32
Jharkhand,Jamtara,791042,60.79,24.0,14.77,53.81,5.06,Urban,100-200k,3.08,0.35
Jharkhand,Khunti,531885,61.51,23.62,14.8,61.54,5.17,Rural,<25k,1.57,0.33
Jharkhand,Khunti,531885,61.51,23.62,14.8,61.54,4.93,Urban,50-100k,2.38,0.35
Jharkhand,Kodarma,716259,64.52,22.14,13.31,56.7,5.96,Rural,50-100k,2.65,0.34
Jharkhand,Kodarma,716259,64.52,22.14,13.31,56.7,5.63,Urban,100-200k,3.32,0.36
Jharkhand,Latehar,726978,66.59,21.01,12.36,50.1,5.43,Rural,<25k,1.53,0.28
Jharkhand,Latehar,726978,66.59,21.01,12.36,50.1,5.06,Urban,25-50k,2.41,0.31
Jharkhand,Lohardaga,461790,64.71,21.73,13.48,57.97,5.35,Rural,<25k,1.73,0.31
Jharkhand,Lohardaga,461790,64.71,21.73,13.48,57.97,5.06,Urban,50-100k,2.76,0.34
Jharkhand,Pakur,900422,65.3,22.97,11.6,39.15,4.88,Rural,<25k,1.5,0.25
Jharkhand,Pakur,900422,65.3,22.97,11.6,39.15,4.91,Urban,50-100k,2.33,0.28
Jharkhand,Palamu,1939869,64.16,21.94,13.84,56.05,5.33,Rural,<25k,1.71,0.31
Jharkhand,Palamu,1939869,64.16,21.94,13.84,56.05,5.44,Urban,50-100k,2.6,0.33
Jharkhand,Pashchimi Singhbhum,1502338,63.97,23.52,12.49,72.28,5.0,Rural,25-50k,1.7,0.36
Jharkhand,Pashchimi Singhbhum,1502338,63.97,23.52,12.49,72.28,4.84,Urban,25-50k,2.67,0.39
Jharkhand,Purbi Singhbhum,2293919,56.35,27.56,16.05,74.14,4.7,Rural,100-200k,3.14,0.43
Jharkhand,Purbi Singhbhum,2293919,56.35,27.56,16.05,74.14,4.86,Urban,100-200k,4.31,0.46
Jharkhand,Ramgarh,949443,62.64,24.28,13.04,67.13,5.31,Rural,100-200k,3.17,0.39
Jharkhand,Ramgarh,949443,62.64,24.28,13.04,67.13,5.11,Urban,50-100k,3.82,0.41
Jharkhand,Ranchi,2914253,59.79,24.91,14.04,75.69,5.12,Rural,50-100k,2.8,0.41
Jharkhand,Ranchi,2914253,59.79,24.91,14.04,75.69,5.1,Urban,100-200k,3.71,0.44
Jharkhand,Sahibganj,1150567,64.75,22.76,11.97,43.13,5.01,Rural,<25k,1.58,0.27
Jharkhand,Sahibganj,1150567,64.75,22.76,11.97,43.13,5.12,Urban,50-100k,2.43,0.29
Jharkhand,Saraikela-Kharsawan,1065056,59.62,24.97,15.17,72.81,4.83,Rural,50-100k,2.31,0.39
Jharkhand,Saraikela-Kharsawan,1065056,59.62,24.97,15.17,72.81,4.82,Urban,50-100k,3.27,0.42
Jharkhand,Simdega,599578,59.69,23.94,16.31,64.22,5.06,Rural,<25k,1.35,0.33
Jharkhand,Simdega,599578,59.69,23.94,16.31,64.22,4.98,Urban,25-50k,2.07,0.35
Karnataka,Bagalkot,1889752,59.45,24.64,15.86,64.65,5.17,Rural,50-100k,2.53,0.37
Karnataka,Bagalkot,1889752,59.45,24.64,15.86,64.65,4.95,Urban,50-100k,2.89,0.38
Karnataka,Bangalore,9621551,54.83,30.24,14.8,85.21,4.09,Rural,100-200k,4.89,0.52
Karnataka,Bangalore,9621551,54.83,30.24,14.8,85.21,4.05,Urban,100-200k,5.02,0.53
Karnataka,Bangalore Rural,990923,54.07,28.07,17.77,77.06,4.45,Rural,100-200k,3.75,0.46
Karnataka,Bangalore Rural,990923,54.07,28.07,17.77,77.06,4.21,Urban,50-100k,4.07,0.47
Karnataka,Belgaum,4779661,55.85,26.18,17.93,69.38,4.93,Rural,50-100k,2.73,0.39
Karnataka,Belgaum,4779661,55.85,26.18,17.93,69.38,4.59,Urban,100-200k,3.36,0.41
Karnataka,Bellary,2452595,60.63,25.17,14.14,64.34,5.14,Rural,100-200k,2.98,0.38
Karnataka,Bellary,2452595,60.63,25.17,14.14,64.34,4.76,Urban,50-100k,3.41,0.4
Karnataka,Bidar,1703300,59.78,23.31,16.87,66.92,5.36,Rural,100-200k,2.56,0.37
Karnataka,Bidar,1703300,59.78,23.31,16.87,66.92,5.28,Urban,50-100k,3.0,0.38
Karnataka,Bijapur,2177331,59.49,24.21,16.24,62.56,5.32,Rural,50-100k,2.47,0.36
Karnataka,Bijapur,2177331,59.49,24.21,16.24,62.56,5.03,Urban,50-100k,2.97,0.37
Karnataka,Chamarajanagar,1020791,50.85,28.89,20.18,58.46,4.26,Rural,100-200k,3.25,0.39
Karnataka,Chamarajanagar,1020791,50.85,28.89,20.18,58.46,4.31,Urban,100-200k,3.64,0.4
Karnataka,Chikkaballapura,1255104,53.1,27.91,18.87,67.31,4.49,Rural,100-200k,3.22,0.41
Karnataka,Chikkaballapura,1255104,53.1,27.91,18.87,67.31,4.37,Urban,50-100k,3.65,0.42
Karnataka,Chikmagalur,1137961,49.65,30.0,20.29,80.02,4.29,Rural,100-200k,3.18,0.46
Karnataka,Chikmagalur,1137961,49.65,30.0,20.29,80.02,4.16,Urban,50-100k,3.66,0.47
Karnataka,Chitradurga,1659456,53.71,27.72,18.46,70.59,4.81,Rural,100-200k,2.79,0.41
Karnataka,Chitradurga,1659456,53.71,27.72,18.46,70.59,4.55,Urban,50-100k,3.56,0.43
Karnataka,Dakshina Kannada,2089649,51.32,29.12,19.52,84.79,4.92,Rural,100-200k,3.69,0.48
Karnataka,Dakshina Kannada,2089649,51.32,29.12,19.52,84.79,4.53,Urban,100-200k,3.91,0.49
Karnataka,Davanagere,1945497,54.92,27.68,17.28,73.68,4.85,Rural,100-200k,3.06,0.42
Karnataka,Davanagere,1945497,54.92,27.68,17.28,73.68,4.67,Urban,50-100k,3.71,0.44
Karnataka,Dharwad,1847023,55.11,27.38,17.46,75.23,4.88,Rural,100-200k,3.1,0.43
Karnataka,Dharwad,1847023,55.11,27.38,17.46,75.23,4.69,Urban,100-200k,3.64,0.44
Karnataka,Gadag,1064570,56.51,26.21,17.23,69.58,4.92,Rural,100-200k,2.58,0.39
Karnataka,Gadag,1064570,56.51,26.21,17.23,69.58,4.75,Urban,50-100k,2.89,0.4
Karnataka,Gulbarga,2566326,61.2,23.56,15.16,61.76,5.47,Rural,100-200k,2.64,0.36
Karnataka,Gulbarga,2566326,61.2,23.56,15.16,61.76,5.22,Urban,50-100k,3.21,0.38
Karnataka,Hassan,1776421,49.39,29.39,21.16,75.33,4.27,Rural,100-200k,3.31,0.44
Karnataka,Hassan,1776421,49.39,29.39,21.16,75.33,4.13,Urban,100-200k,3.8,0.46
Karnataka,Haveri,1597668,56.61,26.67,16.69,73.89,4.84,Rural,100-200k,2.66,0.41
Karnataka,Haveri,1597668,56.61,26.67,16.69,73.89,4.79,Urban,50-100k,3.08,0.42
Karnataka,Kodagu,554519,49.94,29.46,20.54,81.88,4.01,Rural,50-100k,3.31,0.46
Karnataka,Kodagu,554519,49.94,29.46,20.54,81.88,3.92,Urban,50-100k,3.64,0.47
Karnataka,Kolar,1536401,54.77,27.3,17.85,71.8,4.71,Rural,100-200k,3.41,0.43
Karnataka,Kolar,1536401,54.77,27.3,17.85,71.8,4.53,Urban,50-100k,3.82,0.44
Karnataka,Koppal,1389920,61.55,23.77,14.6,63.15,5.25,Rural,50-100k,2.66,0.36
Karnataka,Koppal,1389920,61.55,23.77,14.6,63.15,4.96,Urban,50-100k,3.12,0.38
Karnataka,Mandya,1805769,49.97,29.2,20.77,69.49,4.36,Rural,100-200k,3.44,0.43
Karnataka,Mandya,1805769,49.97,29.2,20.77,69.49,4.28,Urban,100-200k,3.92,0.44
Karnataka,Mysore,3001127,52.65,28.83,18.45,72.42,4.4,Rural,200k+,3.78,0.45
Karnataka,Mysore,3001127,52.65,28.83,18.45,72.42,4.27,Urban,100-200k,4.27,0.46
Karnataka,Raichur,1928812,62.04,24.12,13.78,55.58,5.29,Rural,100-200k,2.72,0.34
Karnataka,Raichur,1928812,62.04,24.12,13.78,55.58,5.02,Urban,50-100k,3.2,0.36
Karnataka,Ramanagara,1082636,51.64,27.46,20.76,67.51,4.25,Rural,100-200k,3.4,0.41
Karnataka,Ramanagara,1082636,51.64,27.46,20.76,67.51,4.41,Urban,100-200k,3.81,0.43
Karnataka,Shimoga,1752753,52.1,29.29,18.57,78.05,4.47,Rural,100-200k,3.37,0.45
Karnataka,Shimoga,1752753,52.1,29.29,18.57,78.05,4.27,Urban,100-200k,3.98,0.47
Karnataka,Tumkur,2678980,50.45,28.4,21.06,72.55,4.34,Rural,100-200k,3.04,0.42
Karnataka,Tumkur,2678980,50.45,28.4,21.06,72.55,4.22,Urban,50-100k,3.56,0.44
Karnataka,Udupi,1177361,47.53,28.95,23.46,81.95,4.97,Rural,200k+,3.76,0.47
Karnataka,Udupi,1177361,47.53,28.95,23.46,81.95,4.44,Urban,100-200k,3.82,0.48
Karnataka,Uttara Kannada,1437169,51.65,28.71,19.59,79.57,4.56,Rural,100-200k,3.16,0.45
Karnataka,Uttara Kannada,1437169,51.65,28.71,19.59,79.57,4.38,Urban,100-200k,3.51,0.46
Karnataka,Yadgir,1174271,62.89,22.76,14.32,46.83,5.7,Rural,50-100k,2.39,0.3
Karnataka,Yadgir,1174271,62.89,22.76,14.32,46.83,5.39,Urban,50-100k,2.73,0.31
Kerala,Alappuzha,2127789,41.9,30.48,27.52,91.87,4.11,Rural,200k+,4.44,0.53
Kerala,Alappuzha,2127789,41.9,30.48,27.52,91.87,4.14,Urban,200k+,4.48,0.53
Kerala,Ernakulam,3282388,42.56,31.22,26.14,91.41,4.18,Rural,200k+,4.75,0.54
Kerala,Ernakulam,3282388,42.56,31.22,26.14,91.41,4.13,Urban,200k+,4.78,0.54
Kerala,Idukki,1108974,44.59,31.76,23.58,87.94,4.14,Rural,100-200k,3.59,0.5
Kerala,Idukki,1108974,44.59,31.76,23.58,87.94,4.22,Urban,200k+,3.9,0.51
Kerala,Kannur,2523003,47.05,29.41,23.31,88.45,4.47,Rural,200k+,3.7,0.49
Kerala,Kannur,2523003,47.05,29.41,23.31,88.45,4.69,Urban,200k+,3.86,0.5
Kerala,Kasaragod,1307375,52.68,28.29,18.89,82.97,4.76,Rural,100-200k,3.64,0.47
Kerala,Kasaragod,1307375,52.68,28.29,18.89,82.97,4.9,Urban,200k+,3.88,0.48
Kerala,Kollam,2635375,44.68,30.18,25.08,90.64,3.98,Rural,200k+,4.24,0.52
Kerala,Kollam,2635375,44.68,30.18,25.08,90.64,4.18,Urban,200k+,4.38,0.52
Kerala,Kottayam,1974551,41.11,30.2,28.62,92.87,4.24,Rural,200k+,4.28,0.53
Kerala,Kottayam,1974551,41.11,30.2,28.62,92.87,4.19,Urban,200k+,4.25,0.53
Kerala,Kozhikode,3086293,48.2,29.47,22.23,88.63,4.45,Rural,200k+,3.95,0.5
Kerala,Kozhikode,3086293,48.2,29.47,22.23,88.63,4.56,Urban,200k+,4.01,0.5
Kerala,Malappuram,4112920,58.5,25.32,16.1,84.18,5.13,Rural,200k+,3.73,0.47
Kerala,Malappuram,4112920,58.5,25.32,16.1,84.18,5.23,Urban,200k+,3.83,0.47
Kerala,Palakkad,2809934,49.65,28.56,21.67,83.58,4.52,Rural,200k+,3.85,0.48
Kerala,Palakkad,2809934,49.65,28.56,21.67,83.58,4.43,Urban,200k+,3.97,0.48
Kerala,Pathanamthitta,1197412,40.02,28.91,30.97,93.73,3.91,Rural,200k+,4.17,0.52
Kerala,Pathanamthitta,1197412,40.02,28.91,30.97,93.73,3.96,Urban,200k+,4.18,0.52
Kerala,Thiruvananthapuram,3301427,45.08,29.96,24.84,90.01,4.04,Rural,200k+,4.27,0.52
Kerala,Thiruvananthapuram,3301427,45.08,29.96,24.84,90.01,4.07,Urban,200k+,4.34,0.52
Kerala,Thrissur,3121200,44.67,29.86,25.38,89.7,4.22,Rural,200k+,4.5,0.52
Kerala,Thrissur,3121200,44.67,29.86,25.38,89.7,4.24,Urban,200k+,4.52,0.52
Kerala,Wayanad,817420,50.5,30.17,19.25,83.11,4.42,Rural,100-200k,3.3,0.47
Kerala,Wayanad,817420,50.5,30.17,19.25,83.11,4.3,Urban,100-200k,3.53,0.48
Lakshadweep,Lakshadweep,64473,52.54,29.85,17.43,89.82,5.58,Rural,200k+,3.57,0.5
Lakshadweep,Lakshadweep,64473,52.54,29.85,17.43,89.82,5.71,Urban,100-200k,3.62,0.5
Madhya Pradesh,Alirajpur,728999,67.06,21.31,11.54,24.15,6.28,Rural,50-100k,1.92,0.22
Madhya Pradesh,Alirajpur,728999,67.06,21.31,11.54,24.15,5.27,Urban,50-100k,2.9,0.24
Madhya Pradesh,Anuppur,749237,59.39,25.83,14.66,61.64,4.35,Rural,25-50k,2.12,0.35
Madhya Pradesh,Anuppur,749237,59.39,25.83,14.66,61.64,4.7,Urban,50-100k,3.17,0.38
Madhya Pradesh,Ashoknagar,845071,63.36,23.05,13.51,56.61,4.81,Rural,25-50k,2.07,0.32
Madhya Pradesh,Ashoknagar,845071,63.36,23.05,13.51,56.61,5.07,Urban,50-100k,2.62,0.34
Madhya Pradesh,Balaghat,1701698,56.99,26.66,16.27,69.93,4.45,Rural,50-100k,2.13,0.38
Madhya Pradesh,Balaghat,1701698,56.99,26.66,16.27,69.93,4.58,Urban,50-100k,2.93,0.4
Madhya Pradesh,Barwani,1385881,66.65,21.85,11.44,40.0,5.63,Rural,50-100k,2.18,0.27
Madhya Pradesh,Barwani,1385881,66.65,21.85,11.44,40.0,5.16,Urban,50-100k,2.61,0.29
Madhya Pradesh,Betul,1575362,59.59,24.93,15.4,60.91,4.94,Rural,50-100k,2.39,0.35
Madhya Pradesh,Betul,1575362,59.59,24.93,15.4,60.91,4.64,Urban,50-100k,3.36,0.38
Madhya Pradesh,Bhind,1703005,61.11,23.47,15.18,73.81,5.45,Rural,<25k,1.94,0.37
Madhya Pradesh,Bhind,1703005,61.11,23.47,15.18,73.81,5.7,Urban,50-100k,2.46,0.39
Madhya Pradesh,Bhopal,2371061,59.29,26.38,13.93,78.21,4.9,Rural,100-200k,3.57,0.45
Madhya Pradesh,Bhopal,2371061,59.29,26.38,13.93,78.21,4.69,Urban,200k+,4.57,0.48
Madhya Pradesh,Burhanpur,757847,62.0,23.96,13.99,56.24,5.03,Rural,50-100k,2.68,0.34
Madhya Pradesh,Burhanpur,757847,62.0,23.96,13.99,56.24,5.23,Urban,100-200k,3.01,0.35
Madhya Pradesh,Chhatarpur,1762375,63.13,22.36,14.32,55.04,4.95,Rural,25-50k,2.2,0.32
Madhya Pradesh,Chhatarpur,1762375,63.13,22.36,14.32,55.04,5.29,Urban,100-200k,3.13,0.35
Madhya Pradesh,Chhindwara,2090922,58.93,25.6,15.4,66.11,4.84,Rural,50-100k,2.54,0.38
Madhya Pradesh,Chhindwara,2090922,58.93,25.6,15.4,66.11,4.66,Urban,100-200k,3.34,0.4
Madhya Pradesh,Damoh,1264219,60.82,24.73,14.35,61.45,4.18,Rural,50-100k,2.08,0.35
Madhya Pradesh,Damoh,1264219,60.82,24.73,14.35,61.45,4.83,Urban,50-100k,2.7,0.36
Madhya Pradesh,Datia,786754,60.13,24.8,15.02,65.39,4.78,Rural,50-100k,2.34,0.37
Madhya Pradesh,Datia,786754,60.13,24.8,15.02,65.39,5.19,Urban,100-200k,2.85,0.38
Madhya Pradesh,Dewas,1563715,60.37,24.85,14.73,62.07,4.99,Rural,100-200k,2.89,0.37
Madhya Pradesh,Dewas,1563715,60.37,24.85,14.73,62.07,5.08,Urban,100-200k,3.34,0.39
Madhya Pradesh,Dhar,2185793,63.01,24.4,12.49,51.32,5.2,Rural,100-200k,2.64,0.33
Madhya Pradesh,Dhar,2185793,63.01,24.4,12.49,51.32,4.73,Urban,50-100k,3.27,0.35
Madhya Pradesh,Dindori,704524,59.55,25.81,14.55,56.16,4.21,Rural,25-50k,1.52,0.32
Madhya Pradesh,Dindori,704524,59.55,25.81,14.55,56.16,4.38,Urban,50-100k,2.45,0.35
Madhya Pradesh,Guna,1241519,63.89,22.97,13.06,53.08,4.97,Rural,50-100k,2.41,0.32
Madhya Pradesh,Guna,1241519,63.89,22.97,13.06,53.08,5.18,Urban,100-200k,3.08,0.34
Madhya Pradesh,Gwalior,2032036,59.96,25.58,14.34,71.0,5.17,Rural,100-200k,3.49,0.42
Madhya Pradesh,Gwalior,2032036,59.96,25.58,14.34,71.0,5.26,Urban,200k+,4.18,0.44
Madhya Pradesh,Harda,570465,60.96,24.35,14.62,66.48,5.07,Rural,100-200k,2.8,0.38
Madhya Pradesh,Harda,570465,60.96,24.35,14.62,66.48,4.99,Urban,100-200k,3.36,0.4
Madhya Pradesh,Hoshangabad,1241350,58.87,25.64,15.43,70.18,4.89,Rural,50-100k,2.9,0.4
Madhya Pradesh,Hoshangabad,1241350,58.87,25.64,15.43,70.18,4.81,Urban,100-200k,3.84,0.43
Madhya Pradesh,Indore,3276697,57.29,27.3,15.05,76.28,5.23,Rural,200k+,4.28,0.47
Madhya Pradesh,Indore,3276697,57.29,27.3,15.05,76.28,4.91,Urban,200k+,4.66,0.48
Madhya Pradesh,Jabalpur,2463289,56.32,27.57,15.91,76.48,4.38,Rural,100-200k,3.38,0.44
Madhya Pradesh,Jabalpur,2463289,56.32,27.57,15.91,76.48,4.79,Urban,100-200k,4.23,0.47
Madhya Pradesh,Jhabua,1025048,66.75,21.54,11.68,31.22,5.65,Rural,50-100k,1.98,0.24
Madhya Pradesh,Jhabua,1025048,66.75,21.54,11.68,31.22,4.99,Urban,50-100k,2.69,0.26
Madhya Pradesh,Katni,1292042,60.25,25.28,14.38,62.95,4.48,Rural,50-100k,2.32,0.36
Madhya Pradesh,Katni,1292042,60.25,25.28,14.38,62.95,4.73,Urban,100-200k,3.13,0.38
Madhya Pradesh,Khandwa (East Nimar),1310061,61.76,23.93,14.27,57.0,4.88,Rural,50-100k,2.44,0.34
Madhya Pradesh,Khandwa (East Nimar),1310061,61.76,23.93,14.27,57.0,5.03,Urban,100-200k,2.89,0.35
Madhya Pradesh,Khargone (West Nimar),1873046,62.3,24.04,13.59,51.4,5.06,Rural,50-100k,2.5,0.33
Madhya Pradesh,Khargone (West Nimar),1873046,62.3,24.04,13.59,51.4,4.99,Urban,100-200k,2.99,0.34
Madhya Pradesh,Mandla,1054905,58.28,26.41,15.22,61.61,4.28,Rural,25-50k,1.91,0.35
Madhya Pradesh,Mandla,1054905,58.28,26.41,15.22,61.61,4.47,Urban,50-100k,2.87,0.38
Madhya Pradesh,Mandsaur,1340411,58.27,25.88,15.8,64.12,4.64,Rural,100-200k,2.51,0.37
Madhya Pradesh,Mandsaur,1340411,58.27,25.88,15.8,64.12,4.85,Urban,100-200k,2.87,0.38
Madhya Pradesh,Morena,1965970,63.8,23.02,13.11,62.53,5.14,Rural,25-50k,2.05,0.34
Madhya Pradesh,Morena,1965970,63.8,23.02,13.11,62.53,5.7,Urban,100-200k,2.7,0.36
Madhya Pradesh,Narsimhapur,1091854,56.82,26.52,16.56,66.82,4.36,Rural,50-100k,2.48,0.38
Madhya Pradesh,Narsimhapur,1091854,56.82,26.52,16.56,66.82,4.65,Urban,100-200k,3.34,0.41
Madhya Pradesh,Neemuch,826067,57.74,26.32,15.89,63.77,4.45,Rural,50-100k,2.53,0.37
Madhya Pradesh,Neemuch,826067,57.74,26.32,15.89,63.77,4.95,Urban,50-100k,2.74,0.38
Madhya Pradesh,Panna,1016520,62.5,23.12,14.25,56.35,4.46,Rural,<25k,1.7,0.31
Madhya Pradesh,Panna,1016520,62.5,23.12,14.25,56.35,4.97,Urban,50-100k,2.3,0.33
Madhya Pradesh,Raisen,1331597,62.55,23.75,13.63,64.83,4.8,Rural,50-100k,2.46,0.36
Madhya Pradesh,Raisen,1331597,62.55,23.75,13.63,64.83,4.85,Urban,100-200k,3.34,0.39
Madhya Pradesh,Rajgarh,1545814,60.5,23.5,15.94,53.22,4.4,Rural,50-100k,2.31,0.32
Madhya Pradesh,Rajgarh,1545814,60.5,23.5,15.94,53.22,5.08,Urban,100-200k,2.81,0.34
Madhya Pradesh,Ratlam,1455069,60.27,25.01,14.68,57.03,4.8,Rural,50-100k,2.54,0.35
Madhya Pradesh,Ratlam,1455069,60.27,25.01,14.68,57.03,5.04,Urban,100-200k,2.99,0.36
Madhya Pradesh,Rewa,2365106,61.73,22.84,15.32,65.3,4.47,Rural,25-50k,2.05,0.35
Madhya Pradesh,Rewa,2365106,61.73,22.84,15.32,65.3,5.12,Urban,100-200k,2.95,0.38
Madhya Pradesh,Sagar,2378458,61.83,23.93,14.1,68.47,4.45,Rural,50-100k,2.42,0.37
Madhya Pradesh,Sagar,2378458,61.83,23.93,14.1,68.47,5.05,Urban,100-200k,3.25,0.4
Madhya Pradesh,Satna,2228935,61.27,24.01,14.63,65.72,4.61,Rural,50-100k,2.33,0.36
Madhya Pradesh,Satna,2228935,61.27,24.01,14.63,65.72,5.07,Urban,100-200k,3.15,0.39
Madhya Pradesh,Sehore,1311332,62.35,23.3,14.31,60.55,5.02,Rural,100-200k,2.67,0.35
Madhya Pradesh,Sehore,1311332,62.35,23.3,14.31,60.55,5.2,Urban,100-200k,3.42,0.38
Madhya Pradesh,Seoni,1379131,58.73,26.32,14.88,65.32,4.46,Rural,50-100k,2.21,0.37
Madhya Pradesh,Seoni,1379131,58.73,26.32,14.88,65.32,4.54,Urban,100-200k,3.26,0.4
Madhya Pradesh,Shahdol,1066063,60.56,25.25,14.13,58.83,4.19,Rural,25-50k,1.99,0.34
Madhya Pradesh,Shahdol,1066063,60.56,25.25,14.13,58.83,4.73,Urban,50-100k,2.95,0.37
Madhya Pradesh,Shajapur,1512681,59.57,24.44,15.92,62.15,4.94,Rural,50-100k,2.44,0.36
Madhya Pradesh,Shajapur,1512681,59.57,24.44,15.92,62.15,5.13,Urban,100-200k,2.83,0.37
Madhya Pradesh,Sheopur,687861,65.42,22.54,11.98,45.49,4.65,Rural,25-50k,2.05,0.29
Madhya Pradesh,Sheopur,687861,65.42,22.54,11.98,45.49,5.19,Urban,50-100k,2.42,0.3
Madhya Pradesh,Shivpuri,1726050,64.08,22.57,13.21,55.59,4.69,Rural,25-50k,2.03,0.32
Madhya Pradesh,Shivpuri,1726050,64.08,22.57,13.21,55.59,5.22,Urban,50-100k,2.49,0.33
Madhya Pradesh,Sidhi,1127033,64.02,22.51,13.39,55.72,4.77,Rural,25-50k,1.76,0.31
Madhya Pradesh,Sidhi,1127033,64.02,22.51,13.39,55.72,4.96,Urban,50-100k,2.63,0.34
Madhya Pradesh,Singrauli,1178273,65.5,22.68,11.74,53.07,4.8,Rural,<25k,1.73,0.3
Madhya Pradesh,Singrauli,1178273,65.5,22.68,11.74,53.07,5.02,Urban,25-50k,2.87,0.34
Madhya Pradesh,Tikamgarh,1445166,62.16,23.79,13.97,53.15,4.8,Rural,25-50k,2.03,0.32
Madhya Pradesh,Tikamgarh,1445166,62.16,23.79,13.97,53.15,5.25,Urban,50-100k,2.84,0.34
Madhya Pradesh,Ujjain,1986864,58.22,25.58,16.13,65.31,5.0,Rural,100-200k,2.99,0.39
Madhya Pradesh,Ujjain,1986864,58.22,25.58,16.13,65.31,5.03,Urban,100-200k,3.41,0.4
Madhya Pradesh,Umaria,644758,62.51,24.53,12.87,60.71,4.47,Rural,25-50k,1.99,0.34
Madhya Pradesh,Umaria,644758,62.51,24.53,12.87,60.71,4.66,Urban,50-100k,2.93,0.37
Madhya Pradesh,Vidisha,1458875,63.01,23.01,13.92,62.75,4.83,Rural,50-100k,2.26,0.35
Madhya Pradesh,Vidisha,1458875,63.01,23.01,13.92,62.75,5.0,Urban,100-200k,2.87,0.37
Maharashtra,Ahmadnagar,4543159,54.95,25.67,19.04,74.81,4.96,Rural,50-100k,2.83,0.41
Maharashtra,Ahmadnagar,4543159,54.95,25.67,19.04,74.81,4.74,Urban,100-200k,3.23,0.42
Maharashtra,Akola,1813906,55.06,26.64,18.08,80.01,4.47,Rural,50-100k,2.89,0.43
Maharashtra,Akola,1813906,55.06,26.64,18.08,80.01,4.94,Urban,100-200k,3.35,0.45
Maharashtra,Amravati,2888445,53.34,27.13,19.15,82.49,4.38,Rural,100-200k,2.96,0.44
Maharashtra,Amravati,2888445,53.34,27.13,19.15,82.49,4.74,Urban,100-200k,3.51,0.46
Maharashtra,Aurangabad,3701282,59.76,24.58,15.45,75.34,4.97,Rural,50-100k,3.09,0.42
Maharashtra,Aurangabad,3701282,59.76,24.58,15.45,75.34,4.83,Urban,100-200k,3.51,0.43
Maharashtra,Bhandara,1200334,52.23,27.75,19.39,79.26,4.41,Rural,100-200k,2.82,0.43
Maharashtra,Bhandara,1200334,52.23,27.75,19.39,79.26,4.44,Urban,100-200k,3.61,0.46
Maharashtra,Bid,2585049,57.02,23.78,19.13,67.65,4.85,Rural,50-100k,2.53,0.37
Maharashtra,Bid,2585049,57.02,23.78,19.13,67.65,5.07,Urban,50-100k,2.94,0.39
Maharashtra,Buldana,2586258,56.74,24.82,18.29,75.79,4.59,Rural,50-100k,2.68,0.41
Maharashtra,Buldana,2586258,56.74,24.82,18.29,75.79,4.94,Urban,100-200k,3.09,0.42
Maharashtra,Chandrapur,2204307,52.8,28.58,18.32,75.34,4.11,Rural,50-100k,3.09,0.43
Maharashtra,Chandrapur,2204307,52.8,28.58,18.32,75.34,4.37,Urban,100-200k,3.78,0.45
Maharashtra,Dhule,2050862,56.93,25.06,17.1,66.58,5.05,Rural,50-100k,2.79,0.38
Maharashtra,Dhule,2050862,56.93,25.06,17.1,66.58,5.01,Urban,100-200k,3.3,0.4
Maharashtra,Gadchiroli,1072942,56.41,26.98,16.36,66.29,4.36,Rural,25-50k,2.3,0.38
Maharashtra,Gadchiroli,1072942,56.41,26.98,16.36,66.29,4.21,Urban,50-100k,3.09,0.4
Maharashtra,Gondiya,1322507,53.25,28.12,18.46,79.65,4.61,Rural,100-200k,2.49,0.43
Maharashtra,Gondiya,1322507,53.25,28.12,18.46,79.65,4.67,Urban,100-200k,3.29,0.45
Maharashtra,Hingoli,1177345,58.79,23.94,17.14,70.47,5.08,Rural,50-100k,2.43,0.38
Maharashtra,Hingoli,1177345,58.79,23.94,17.14,70.47,5.34,Urban,50-100k,2.81,0.39
Maharashtra,Jalgaon,4229917,55.62,25.54,18.05,74.25,4.68,Rural,50-100k,3.09,0.42
Maharashtra,Jalgaon,4229917,55.62,25.54,18.05,74.25,4.8,Urban,100-200k,3.51,0.43
Maharashtra,Jalna,1959046,58.71,23.22,17.43,68.65,4.97,Rural,50-100k,2.61,0.38
Maharashtra,Jalna,1959046,58.71,23.22,17.43,68.65,5.19,Urban,50-100k,2.9,0.39
Maharashtra,Kolhapur,3876001,50.89,27.99,20.68,78.41,4.7,Rural,100-200k,3.07,0.44
Maharashtra,Kolhapur,3876001,50.89,27.99,20.68,78.41,4.53,Urban,100-200k,3.48,0.45
Maharashtra,Latur,2454196,57.3,23.81,18.47,73.46,5.06,Rural,100-200k,2.75,0.4
Maharashtra,Latur,2454196,57.3,23.81,18.47,73.46,5.17,Urban,100-200k,3.23,0.41
Maharashtra,Mumbai,3085411,50.33,30.26,18.9,90.53,4.5,Urban,100-200k,3.93,0.51
Maharashtra,Mumbai Suburban,9356962,52.76,30.05,16.84,87.21,4.46,Urban,100-200k,4.04,0.5
Maharashtra,Nagpur,4653570,52.88,29.26,17.59,85.93,4.44,Rural,100-200k,4.05,0.5
Maharashtra,Nagpur,4653570,52.88,29.26,17.59,85.93,4.55,Urban,200k+,4.58,0.51
Maharashtra,Nanded,3361292,59.75,24.07,15.94,71.22,4.94,Rural,50-100k,2.47,0.38
Maharashtra,Nanded,3361292,59.75,24.07,15.94,71.22,5.2,Urban,50-100k,2.92,0.4
Maharashtra,Nandurbar,1648295,61.36,23.69,14.65,53.41,4.98,Rural,25-50k,2.14,0.32
Maharashtra,Nandurbar,1648295,61.36,23.69,14.65,53.41,5.07,Urban,50-100k,2.61,0.33
Maharashtra,Nashik,6107187,58.63,25.66,15.53,74.57,5.14,Rural,50-100k,2.95,0.41
Maharashtra,Nashik,6107187,58.63,25.66,15.53,74.57,4.73,Urban,100-200k,3.48,0.43
Maharashtra,Osmanabad,1657576,55.34,23.74,20.69,72.1,4.75,Rural,50-100k,2.4,0.38
Maharashtra,Osmanabad,1657576,55.34,23.74,20.69,72.1,5.06,Urban,50-100k,2.67,0.39
Maharashtra,Parbhani,1836086,58.73,23.77,17.07,67.69,4.96,Rural,50-100k,2.67,0.38
Maharashtra,Parbhani,1836086,58.73,23.77,17.07,67.69,5.35,Urban,100-200k,3.07,0.39
Maharashtra,Pune,9429408,54.98,27.83,16.82,84.13,4.75,Rural,100-200k,3.53,0.47
Maharashtra,Pune,9429408,54.98,27.83,16.82,84.13,4.19,Urban,100-200k,4.07,0.49
Maharashtra,Raigarh,2634200,53.68,28.41,17.57,80.09,4.46,Rural,100-200k,2.93,0.44
Maharashtra,Raigarh,2634200,53.68,28.41,17.57,80.09,4.24,Urban,100-200k,3.56,0.46
Maharashtra,Ratnagiri,1615069,48.14,27.18,24.58,78.96,4.11,Rural,100-200k,2.41,0.42
Maharashtra,Ratnagiri,1615069,48.14,27.18,24.58,78.96,4.26,Urban,50-100k,2.96,0.43
Maharashtra,Sangli,2822143,51.41,26.66,21.39,77.97,4.8,Rural,100-200k,2.88,0.43
Maharashtra,Sangli,2822143,51.41,26.66,21.39,77.97,4.6,Urban,100-200k,3.26,0.44
Maharashtra,Satara,3003741,50.51,26.65,22.36,80.32,4.68,Rural,100-200k,2.84,0.43
Maharashtra,Satara,3003741,50.51,26.65,22.36,80.32,4.5,Urban,100-200k,3.3,0.45
Maharashtra,Sindhudurg,849651,44.96,28.52,26.24,84.53,4.14,Rural,100-200k,2.57,0.44
Maharashtra,Sindhudurg,849651,44.96,28.52,26.24,84.53,4.08,Urban,100-200k,3.03,0.46
Maharashtra,Solapur,4317756,55.65,25.24,18.76,74.87,4.91,Rural,50-100k,2.67,0.41
Maharashtra,Solapur,4317756,55.65,25.24,18.76,74.87,4.93,Urban,50-100k,2.92,0.41
Maharashtra,Thane,11060148,55.92,29.31,14.28,82.94,4.82,Rural,50-100k,3.25,0.46
Maharashtra,Thane,11060148,55.92,29.31,14.28,82.94,4.31,Urban,100-200k,3.87,0.48
Maharashtra,Wardha,1300774,50.7,28.46,20.77,82.78,4.23,Rural,100-200k,3.36,0.46
Maharashtra,Wardha,1300774,50.7,28.46,20.77,82.78,4.38,Urban,100-200k,3.92,0.48
Maharashtra,Washim,1197160,57.04,25.26,17.56,74.9,4.6,Rural,50-100k,2.54,0.4
Maharashtra,Washim,1197160,57.04,25.26,17.56,74.9,5.08,Urban,100-200k,2.92,0.41
Maharashtra,Yavatmal,2772348,55.88,26.45,17.45,73.8,4.31,Rural,50-100k,2.61,0.41
Maharashtra,Yavatmal,2772348,55.88,26.45,17.45,73.8,4.57,Urban,100-200k,3.18,0.42
Manipur,Bishnupur,237399,56.96,26.5,16.35,69.81,5.19,Rural,50-100k,2.61,0.39
Manipur,Bishnupur,237399,56.96,26.5,16.35,69.81,5.06,Urban,100-200k,2.77,0.4
Manipur,Chandel,144182,59.82,27.27,12.71,70.28,4.77,Rural,50-100k,2.12,0.38
Manipur,Chandel,144182,59.82,27.27,12.71,70.28,5.06,Urban,50-100k,2.4,0.39
Manipur,Churachandpur,274143,61.5,24.73,13.53,77.29,5.35,Rural,50-100k,2.52,0.41
Manipur,Churachandpur,274143,61.5,24.73,13.53,77.29,4.89,Urban,50-100k,3.03,0.42
Manipur,Imphal East,456113,57.34,27.06,15.35,78.25,5.04,Rural,100-200k,3.36,0.44
Manipur,Imphal East,456113,57.34,27.06,15.35,78.25,4.92,Urban,200k+,3.77,0.46
Manipur,Imphal West,517992,53.85,28.6,17.26,81.82,4.75,Rural,100-200k,3.57,0.47
Manipur,Imphal West,517992,53.85,28.6,17.26,81.82,4.66,Urban,100-200k,4.03,0.48
Manipur,Senapati,479148,65.62,23.27,10.85,58.07,5.53,Rural,50-100k,2.17,0.33
Manipur,Senapati,479148,65.62,23.27,10.85,58.07,5.31,Urban,50-100k,2.52,0.34
Manipur,Tamenglong,140651,64.18,23.67,12.03,65.23,5.46,Rural,25-50k,1.85,0.35
Manipur,Tamenglong,140651,64.18,23.67,12.03,65.23,5.54,Urban,50-100k,2.19,0.36
Manipur,Thoubal,422168,59.69,25.39,14.7,69.52,5.02,Rural,50-100k,2.3,0.38
Manipur,Thoubal,422168,59.69,25.39,14.7,69.52,4.98,Urban,50-100k,2.39,0.38
Manipur,Ukhrul,183998,61.8,23.72,13.68,75.49,5.08,Rural,25-50k,1.73,0.37
Manipur,Ukhrul,183998,61.8,23.72,13.68,75.49,5.2,Urban,25-50k,1.85,0.38
Meghalaya,East Garo Hills,317917,68.18,22.15,9.41,65.6,5.4,Rural,25-50k,1.88,0.34
Meghalaya,East Garo Hills,317917,68.18,22.15,9.41,65.6,5.45,Urban,50-100k,2.24,0.35
Meghalaya,East Khasi Hills,825922,66.1,23.3,10.48,77.42,5.24,Rural,50-100k,2.92,0.41
Meghalaya,East Khasi Hills,825922,66.1,23.3,10.48,77.42,4.68,Urban,50-100k,3.7,0.44
Meghalaya,Jaintia Hills,395124,73.67,18.46,7.68,53.17,5.81,Rural,50-100k,2.47,0.31
Meghalaya,Jaintia Hills,395124,73.67,18.46,7.68,53.17,5.59,Urban,50-100k,3.45,0.34
Meghalaya,Ribhoi,258840,70.83,20.45,8.64,66.37,5.43,Rural,50-100k,2.23,0.35
Meghalaya,Ribhoi,258840,70.83,20.45,8.64,66.37,5.33,Urban,50-100k,2.7,0.36
Meghalaya,South Garo Hills,142334,68.21,21.5,10.18,64.66,5.64,Rural,25-50k,1.77,0.33
Meghalaya,South Garo Hills,142334,68.21,21.5,10.18,64.66,5.34,Urban,50-100k,2.21,0.35
Meghalaya,West Garo Hills,643291,66.48,22.32,10.97,63.2,5.18,Rural,25-50k,1.98,0.34
Meghalaya,West Garo Hills,643291,66.48,22.32,10.97,63.2,5.36,Urban,50-100k,2.78,0.36
Meghalaya,West Khasi Hills,383461,72.65,18.25,8.72,63.39,5.73,Rural,25-50k,1.82,0.32
Meghalaya,West Khasi Hills,383461,72.65,18.25,8.72,63.39,5.82,Urban,50-100k,2.18,0.33
Mizoram,Aizawl,400309,58.93,27.0,14.01,89.9,4.99,Rural,100-200k,3.78,0.49
Mizoram,Aizawl,400309,58.93,27.0,14.01,89.9,4.85,Urban,100-200k,4.51,0.51
Mizoram,Champhai,125745,62.65,23.61,13.67,86.71,5.05,Rural,100-200k,2.92,0.44
Mizoram,Champhai,125745,62.65,23.61,13.67,86.71,4.84,Urban,50-100k,3.21,0.45
Mizoram,Kolasib,83955,62.11,24.51,13.3,82.25,4.9,Rural,50-100k,3.01,0.43
Mizoram,Kolasib,83955,62.11,24.51,13.3,82.25,4.81,Urban,50-100k,3.42,0.45
Mizoram,Lawngtlai,117894,68.47,21.46,10.04,53.39,5.12,Rural,<25k,1.99,0.31
Mizoram,Lawngtlai,117894,68.47,21.46,10.04,53.39,5.14,Urban,50-100k,2.38,0.32
Mizoram,Lunglei,161428,62.1,24.59,13.27,78.87,4.99,Rural,50-100k,2.87,0.42
Mizoram,Lunglei,161428,62.1,24.59,13.27,78.87,4.85,Urban,50-100k,3.37,0.44
Mizoram,Mamit,86364,64.74,23.25,11.95,74.97,4.92,Rural,50-100k,2.43,0.39
Mizoram,Mamit,86364,64.74,23.25,11.95,74.97,4.62,Urban,50-100k,2.69,0.4
Mizoram,Saiha,56574,65.63,22.6,11.73,82.78,5.13,Rural,25-50k,2.63,0.42
Mizoram,Saiha,56574,65.63,22.6,11.73,82.78,5.4,Urban,50-100k,3.03,0.43
Mizoram,Serchhip,64937,60.93,24.48,14.48,90.13,5.18,Rural,100-200k,3.09,0.46
Mizoram,Serchhip,64937,60.93,24.48,14.48,90.13,4.94,Urban,100-200k,3.34,0.47
Nagaland,Dimapur,378811,64.25,26.03,9.67,82.51,4.91,Rural,50-100k,3.44,0.45
Nagaland,Dimapur,378811,64.25,26.03,9.67,82.51,4.6,Urban,50-100k,3.96,0.47
Nagaland,Kiphire,74004,71.21,20.21,8.53,56.21,4.84,Rural,50-100k,1.97,0.31
Nagaland,Kiphire,74004,71.21,20.21,8.53,56.21,5.05,Urban,25-50k,2.24,0.32
Nagaland,Kohima,267988,64.82,25.56,9.54,81.17,5.15,Rural,100-200k,2.99,0.44
Nagaland,Kohima,267988,64.82,25.56,9.54,81.17,4.54,Urban,50-100k,3.56,0.45
Nagaland,Longleng,50484,67.29,22.21,10.44,62.09,4.11,Rural,25-50k,1.72,0.33
Nagaland,Longleng,50484,67.29,22.21,10.44,62.09,4.53,Urban,25-50k,2.0,0.34
Nagaland,Mokokchung,194622,57.16,27.16,15.6,87.61,4.88,Rural,100-200k,2.71,0.45
Nagaland,Mokokchung,194622,57.16,27.16,15.6,87.61,4.41,Urban,50-100k,3.17,0.47
Nagaland,Mon,250260,67.44,21.42,10.96,47.82,5.93,Rural,<25k,1.6,0.28
Nagaland,Mon,250260,67.44,21.42,10.96,47.82,5.51,Urban,25-50k,1.97,0.29
Nagaland,Peren,95219,67.63,22.68,9.62,71.5,5.33,Rural,50-100k,2.07,0.37
Nagaland,Peren,95219,67.63,22.68,9.62,71.5,4.71,Urban,50-100k,2.42,0.38
Nagaland,Phek,163418,66.4,23.16,10.38,70.43,4.39,Rural,100-200k,2.36,0.37
Nagaland,Phek,163418,66.4,23.16,10.38,70.43,4.72,Urban,50-100k,2.78,0.39
Nagaland,Tuensang,196596,68.45,21.98,9.54,63.88,5.51,Rural,25-50k,1.82,0.33
Nagaland,Tuensang,196596,68.45,21.98,9.54,63.88,5.27,Urban,25-50k,2.02,0.34
Nagaland,Wokha,166343,64.3,24.35,11.31,83.66,5.33,Rural,50-100k,2.35,0.42
Nagaland,Wokha,166343,64.3,24.35,11.31,83.66,5.56,Urban,50-100k,2.97,0.44
Nagaland,Zunheboto,140757,65.15,22.92,11.89,79.83,5.14,Rural,100-200k,2.42,0.4
Nagaland,Zunheboto,140757,65.15,22.92,11.89,79.83,5.67,Urban,50-100k,2.99,0.42
Nct Of Delhi,Central,582320,54.55,29.11,16.22,83.52,4.92,Urban,200k+,4.59,0.5
Nct Of Delhi,East,1709346,55.52,29.08,15.33,88.86,4.09,Rural,200k+,5.84,0.56
Nct Of Delhi,East,1709346,55.52,29.08,15.33,88.86,4.74,Urban,200k+,5.79,0.56
Nct Of Delhi,New Delhi,142004,53.57,30.92,15.33,91.87,4.43,Urban,50-100k,4.89,0.55
Nct Of Delhi,North,887978,57.05,28.89,14.02,84.47,5.25,Rural,200k+,4.68,0.51
Nct Of Delhi,North,887978,57.05,28.89,14.02,84.47,4.96,Urban,200k+,4.65,0.51
Nct Of Delhi,North East,2241624,62.15,25.92,11.81,86.2,5.4,Rural,200k+,5.33,0.52
Nct Of Delhi,North East,2241624,62.15,25.92,11.81,86.2,5.41,Urban,200k+,5.52,0.53
Nct Of Delhi,North West,3656539,58.49,27.72,13.76,86.66,5.23,Rural,200k+,4.8,0.51
Nct Of Delhi,North West,3656539,58.49,27.72,13.76,86.66,4.94,Urban,200k+,5.13,0.52
Nct Of Delhi,South,2731929,58.13,28.74,13.02,86.36,4.89,Rural,100-200k,5.3,0.53
Nct Of Delhi,South,2731929,58.13,28.74,13.02,86.36,4.76,Urban,200k+,5.55,0.54
Nct Of Delhi,South West,2292958,56.56,29.8,13.46,86.51,5.22,Rural,200k+,4.99,0.53
Nct Of Delhi,South West,2292958,56.56,29.8,13.46,86.51,4.61,Urban,200k+,5.38,0.54
Nct Of Delhi,West,2543243,55.01,28.8,16.08,86.42,5.34,Rural,200k+,5.15,0.53
Nct Of Delhi,West,2543243,55.01,28.8,16.08,86.42,4.78,Urban,200k+,5.52,0.54
Odisha,Anugul,1273821,55.62,27.28,16.76,71.42,4.36,Rural,25-50k,2.52,0.4
Odisha,Anugul,1273821,55.62,27.28,16.76,71.42,4.38,Urban,50-100k,3.22,0.42
Odisha,Balangir,1648997,54.82,26.08,18.85,56.24,4.04,Rural,<25k,1.88,0.33
Odisha,Balangir,1648997,54.82,26.08,18.85,56.24,4.38,Urban,50-100k,2.69,0.35
Odisha,Baleshwar,2320529,56.19,26.83,16.83,72.06,4.46,Rural,50-100k,2.34,0.39
Odisha,Baleshwar,2320529,56.19,26.83,16.83,72.06,4.54,Urban,50-100k,3.08,0.42
Odisha,Bargarh,1481255,53.13,27.68,19.07,68.96,4.03,Rural,25-50k,2.3,0.39
Odisha,Bargarh,1481255,53.13,27.68,19.07,68.96,4.4,Urban,50-100k,3.05,0.41
Odisha,Baudh,441162,57.45,25.29,17.01,64.98,4.16,Rural,<25k,1.67,0.35
Odisha,Baudh,441162,57.45,25.29,17.01,64.98,4.43,Urban,50-100k,2.46,0.37
Odisha,Bhadrak,1506337,56.34,26.13,17.29,77.2,5.04,Rural,25-50k,2.24,0.4
Odisha,Bhadrak,1506337,56.34,26.13,17.29,77.2,5.16,Urban,50-100k,2.73,0.42
Odisha,Cuttack,2624470,52.29,28.31,19.05,80.99,4.5,Rural,50-100k,3.23,0.45
Odisha,Cuttack,2624470,52.29,28.31,19.05,80.99,4.67,Urban,50-100k,3.79,0.47
Odisha,Debagarh,312520,56.34,26.17,17.28,64.51,4.32,Rural,<25k,1.75,0.35
Odisha,Debagarh,312520,56.34,26.17,17.28,64.51,4.14,Urban,50-100k,2.37,0.37
Odisha,Dhenkanal,1192811,53.8,27.35,18.64,70.82,4.35,Rural,25-50k,2.51,0.4
Odisha,Dhenkanal,1192811,53.8,27.35,18.64,70.82,4.46,Urban,50-100k,3.17,0.42
Odisha,Gajapati,577817,59.77,24.93,14.72,43.88,4.69,Rural,25-50k,2.23,0.3
Odisha,Gajapati,577817,59.77,24.93,14.72,43.88,4.41,Urban,50-100k,3.01,0.32
Odisha,Ganjam,3529031,56.11,26.2,17.38,67.68,4.8,Rural,50-100k,3.26,0.41
Odisha,Ganjam,3529031,56.11,26.2,17.38,67.68,4.68,Urban,50-100k,3.58,0.42
Odisha,Jagatsinghapur,1136971,50.83,27.89,21.0,80.89,4.6,Rural,50-100k,3.14,0.45
Odisha,Jagatsinghapur,1136971,50.83,27.89,21.0,80.89,4.24,Urban,25-50k,3.16,0.45
Odisha,Jajapur,1827192,55.28,26.24,18.21,73.68,4.64,Rural,50-100k,2.64,0.41
Odisha,Jajapur,1827192,55.28,26.24,18.21,73.68,4.64,Urban,50-100k,3.09,0.42
Odisha,Jharsuguda,579505,55.25,27.52,17.01,73.88,4.22,Rural,25-50k,2.56,0.41
Odisha,Jharsuguda,579505,55.25,27.52,17.01,73.88,4.49,Urban,50-100k,3.35,0.43
Odisha,Kalahandi,1576869,55.82,26.37,17.47,51.17,3.97,Rural,<25k,1.64,0.31
Odisha,Kalahandi,1576869,55.82,26.37,17.47,51.17,4.41,Urban,50-100k,2.38,0.33
Odisha,Kandhamal,733110,59.56,24.21,16.07,58.13,4.43,Rural,<25k,1.58,0.32
Odisha,Kandhamal,733110,59.56,24.21,16.07,58.13,4.3,Urban,25-50k,2.39,0.34
Odisha,Kendrapara,1440361,53.55,26.0,20.2,78.7,4.69,Rural,50-100k,2.54,0.42
Odisha,Kendrapara,1440361,53.55,26.0,20.2,78.7,5.07,Urban,100-200k,3.09,0.43
Odisha,Kendujhar,1801733,57.66,26.25,15.69,60.03,4.56,Rural,<25k,1.86,0.34
Odisha,Kendujhar,1801733,57.66,26.25,15.69,60.03,4.47,Urban,25-50k,2.52,0.36
Odisha,Khordha,2251673,53.27,29.02,17.4,82.5,4.84,Rural,50-100k,3.51,0.47
Odisha,Khordha,2251673,53.27,29.02,17.4,82.5,4.27,Urban,50-100k,4.02,0.48
Odisha,Koraput,1379647,59.33,25.28,15.02,42.43,4.13,Rural,<25k,1.88,0.28
Odisha,Koraput,1379647,59.33,25.28,15.02,42.43,4.18,Urban,25-50k,2.89,0.32
Odisha,Malkangiri,613192,62.28,23.87,13.58,38.53,4.51,Rural,<25k,1.52,0.26
Odisha,Malkangiri,613192,62.28,23.87,13.58,38.53,4.28,Urban,25-50k,2.2,0.28
Odisha,Mayurbhanj,2519738,57.53,25.8,16.43,55.57,4.4,Rural,<25k,1.64,0.32
Odisha,Mayurbhanj,2519738,57.53,25.8,16.43,55.57,4.34,Urban,50-100k,2.59,0.35
Odisha,Nabarangapur,1220946,61.04,24.37,14.07,38.89,4.51,Rural,<25k,1.4,0.26
Odisha,Nabarangapur,1220946,61.04,24.37,14.07,38.89,4.35,Urban,25-50k,2.15,0.28
Odisha,Nayagarh,962789,52.15,27.22,20.46,74.75,4.32,Rural,50-100k,2.61,0.41
Odisha,Nayagarh,962789,52.15,27.22,20.46,74.75,4.61,Urban,50-100k,3.23,0.43
Odisha,Nuapada,610382,56.37,25.01,18.4,48.64,4.15,Rural,<25k,1.64,0.3
Odisha,Nuapada,610382,56.37,25.01,18.4,48.64,4.34,Urban,50-100k,2.34,0.32
Odisha,Puri,1698730,52.28,28.11,19.35,80.66,4.71,Rural,50-100k,2.76,0.44
Odisha,Puri,1698730,52.28,28.11,19.35,80.66,4.73,Urban,100-200k,3.49,0.46
Odisha,Rayagada,967911,59.67,25.39,14.55,41.15,4.36,Rural,<25k,1.96,0.28
Odisha,Rayagada,967911,59.67,25.39,14.55,41.15,4.3,Urban,50-100k,2.87,0.31
Odisha,Sambalpur,1041099,54.34,27.53,17.94,71.37,4.18,Rural,25-50k,2.39,0.4
Odisha,Sambalpur,1041099,54.34,27.53,17.94,71.37,4.38,Urban,50-100k,3.26,0.42
Odisha,Subarnapur,610183,55.98,25.2,18.59,70.43,4.12,Rural,25-50k,2.01,0.37
Odisha,Subarnapur,610183,55.98,25.2,18.59,70.43,4.31,Urban,50-100k,2.55,0.39
Odisha,Sundargarh,2093437,56.79,27.38,15.5,67.02,4.43,Rural,25-50k,2.26,0.38
Odisha,Sundargarh,2093437,56.79,27.38,15.5,67.02,4.45,Urban,50-100k,3.31,0.41
Punjab,Amritsar,2490656,55.61,26.79,17.53,75.73,5.36,Rural,200k+,4.27,0.46
Punjab,Amritsar,2490656,55.61,26.79,17.53,75.73,4.9,Urban,200k+,4.81,0.48
Punjab,Barnala,595527,54.17,26.6,19.16,62.88,5.26,Rural,200k+,3.61,0.4
Punjab,Barnala,595527,54.17,26.6,19.16,62.88,4.93,Urban,200k+,4.09,0.42
Punjab,Bathinda,1388525,54.37,27.2,18.39,65.83,5.18,Rural,200k+,3.64,0.42
Punjab,Bathinda,1388525,54.37,27.2,18.39,65.83,4.89,Urban,200k+,4.4,0.44
Punjab,Faridkot,617508,54.5,26.71,18.42,65.05,5.22,Rural,200k+,3.84,0.42
Punjab,Faridkot,617508,54.5,26.71,18.42,65.05,4.97,Urban,200k+,4.45,0.44
Punjab,Fatehgarh Sahib,600163,53.49,27.79,18.5,74.96,5.23,Rural,200k+,4.5,0.47
Punjab,Fatehgarh Sahib,600163,53.49,27.79,18.5,74.96,4.76,Urban,200k+,4.81,0.48
Punjab,Firozpur,2029074,57.75,25.9,16.33,63.2,5.28,Rural,200k+,3.58,0.4
Punjab,Firozpur,2029074,57.75,25.9,16.33,63.2,5.03,Urban,200k+,4.13,0.42
Punjab,Gurdaspur,2298323,54.88,26.6,18.42,77.37,5.28,Rural,200k+,4.51,0.47
Punjab,Gurdaspur,2298323,54.88,26.6,18.42,77.37,5.0,Urban,200k+,4.92,0.49
Punjab,Hoshiarpur,1586625,52.42,26.65,20.84,80.28,4.77,Rural,200k+,4.32,0.48
Punjab,Hoshiarpur,1586625,52.42,26.65,20.84,80.28,4.67,Urban,200k+,4.59,0.49
Punjab,Jalandhar,2193590,52.84,28.1,18.98,80.71,4.86,Rural,200k+,4.36,0.49
Punjab,Jalandhar,2193590,52.84,28.1,18.98,80.71,4.69,Urban,200k+,4.78,0.5
Punjab,Kapurthala,815168,53.16,27.27,19.36,76.72,4.98,Rural,200k+,4.33,0.47
Punjab,Kapurthala,815168,53.16,27.27,19.36,76.72,4.67,Urban,200k+,4.73,0.48
Punjab,Ludhiana,3498739,54.35,28.01,17.56,80.2,5.1,Rural,200k+,4.47,0.49
Punjab,Ludhiana,3498739,54.35,28.01,17.56,80.2,4.75,Urban,200k+,4.99,0.5
Punjab,Mansa,769751,54.57,26.1,18.98,57.62,5.21,Rural,200k+,3.33,0.38
Punjab,Mansa,769751,54.57,26.1,18.98,57.62,5.08,Urban,200k+,3.83,0.39
Punjab,Moga,995746,53.77,25.99,19.56,67.21,5.24,Rural,200k+,3.55,0.41
Punjab,Moga,995746,53.77,25.99,19.56,67.21,4.96,Urban,200k+,4.12,0.43
Punjab,Muktsar,901896,54.9,26.9,18.0,60.62,5.23,Rural,200k+,3.65,0.4
Punjab,Muktsar,901896,54.9,26.9,18.0,60.62,5.02,Urban,200k+,4.14,0.41
Punjab,Patiala,1895686,54.99,27.28,17.68,70.95,5.27,Rural,200k+,4.32,0.45
Punjab,Patiala,1895686,54.99,27.28,17.68,70.95,4.79,Urban,200k+,4.89,0.47
Punjab,Rupnagar,684627,53.36,27.08,19.24,80.2,5.21,Rural,200k+,4.79,0.49
Punjab,Rupnagar,684627,53.36,27.08,19.24,80.2,4.75,Urban,100-200k,4.86,0.49
Punjab,Sahibzada Ajit Singh Nagar,994628,54.38,28.3,17.26,81.05,5.27,Rural,200k+,4.91,0.5
Punjab,Sahibzada Ajit Singh Nagar,994628,54.38,28.3,17.26,81.05,4.55,Urban,200k+,5.13,0.51
Punjab,Sangrur,1655169,54.64,26.29,18.83,63.74,5.23,Rural,200k+,3.76,0.41
Punjab,Sangrur,1655169,54.64,26.29,18.83,63.74,5.09,Urban,200k+,4.34,0.43
Punjab,Shahid Bhagat Singh Nagar,612310,52.03,26.67,20.96,76.69,4.78,Rural,200k+,3.93,0.45
Punjab,Shahid Bhagat Singh Nagar,612310,52.03,26.67,20.96,76.69,4.69,Urban,200k+,4.08,0.46
Punjab,Tarn Taran,1119627,57.33,25.33,17.05,63.56,5.48,Rural,200k+,3.78,0.41
Punjab,Tarn Taran,1119627,57.33,25.33,17.05,63.56,5.22,Urban,200k+,4.29,0.42
Rajasthan,Ajmer,2583052,60.44,24.39,15.02,59.61,5.23,Rural,100-200k,3.41,0.38
Rajasthan,Ajmer,2583052,60.44,24.39,15.02,59.61,5.11,Urban,100-200k,3.36,0.38
Rajasthan,Alwar,3674179,63.87,22.75,13.34,61.18,5.66,Rural,100-200k,3.13,0.37
Rajasthan,Alwar,3674179,63.87,22.75,13.34,61.18,5.02,Urban,100-200k,3.54,0.38
Rajasthan,Banswara,1797485,64.15,22.6,12.05,44.34,4.98,Rural,25-50k,1.79,0.28
Rajasthan,Banswara,1797485,64.15,22.6,12.05,44.34,4.78,Urban,50-100k,2.48,0.3
Rajasthan,Baran,1222755,62.33,23.42,14.16,55.95,5.09,Rural,50-100k,2.41,0.33
Rajasthan,Baran,1222755,62.33,23.42,14.16,55.95,5.09,Urban,100-200k,2.8,0.35
Rajasthan,Barmer,2603751,66.49,20.26,12.54,44.17,5.65,Rural,<25k,1.89,0.27
Rajasthan,Barmer,2603751,66.49,20.26,12.54,44.17,5.44,Urban,50-100k,2.29,0.28
Rajasthan,Bharatpur,2548462,65.12,21.44,12.91,57.27,5.78,Rural,50-100k,2.53,0.33
Rajasthan,Bharatpur,2548462,65.12,21.44,12.91,57.27,5.53,Urban,100-200k,2.91,0.34
Rajasthan,Bhilwara,2408523,59.77,24.47,15.16,51.55,4.89,Rural,50-100k,2.66,0.33
Rajasthan,Bhilwara,2408523,59.77,24.47,15.16,51.55,4.92,Urban,50-100k,2.96,0.34
Rajasthan,Bikaner,2363937,65.31,21.88,12.19,55.74,6.01,Rural,25-50k,2.51,0.33
Rajasthan,Bikaner,2363937,65.31,21.88,12.19,55.74,5.53,Urban,100-200k,2.66,0.33
Rajasthan,Bundi,1110906,61.82,24.09,14.04,51.38,5.06,Rural,50-100k,2.34,0.32
Rajasthan,Bundi,1110906,61.82,24.09,14.04,51.38,5.1,Urban,50-100k,2.69,0.33
Rajasthan,Chittaurgarh,1544338,56.99,25.79,16.77,53.46,4.72,Rural,100-200k,2.53,0.34
Rajasthan,Chittaurgarh,1544338,56.99,25.79,16.77,53.46,4.77,Urban,50-100k,3.06,0.36
Rajasthan,Churu,2039547,63.41,22.49,13.34,55.8,5.69,Rural,50-100k,2.64,0.34
Rajasthan,Churu,2039547,63.41,22.49,13.34,55.8,5.87,Urban,100-200k,2.72,0.34
Rajasthan,Dausa,1634409,64.07,21.95,12.86,57.9,5.46,Rural,50-100k,2.88,0.35
Rajasthan,Dausa,1634409,64.07,21.95,12.86,57.9,5.5,Urban,100-200k,3.24,0.36
Rajasthan,Dhaulpur,1206516,67.6,20.59,11.72,55.3,5.69,Rural,25-50k,2.02,0.31
Rajasthan,Dhaulpur,1206516,67.6,20.59,11.72,55.3,5.71,Urban,50-100k,2.36,0.32
Rajasthan,Dungarpur,1388552,62.54,22.88,13.82,47.13,5.06,Rural,25-50k,1.96,0.29
Rajasthan,Dungarpur,1388552,62.54,22.88,13.82,47.13,4.74,Urban,100-200k,2.58,0.31
Rajasthan,Ganganagar,1969168,59.31,25.5,14.4,62.69,5.14,Rural,50-100k,2.4,0.36
Rajasthan,Ganganagar,1969168,59.31,25.5,14.4,62.69,4.94,Urban,100-200k,2.84,0.38
Rajasthan,Hanumangarh,1774692,59.62,25.53,13.66,58.84,5.3,Rural,50-100k,2.26,0.35
Rajasthan,Hanumangarh,1774692,59.62,25.53,13.66,58.84,5.14,Urban,100-200k,2.75,0.36
Rajasthan,Jaipur,6626178,61.74,24.85,13.34,67.76,5.83,Rural,100-200k,3.92,0.42
Rajasthan,Jaipur,6626178,61.74,24.85,13.34,67.76,5.11,Urban,200k+,4.31,0.43
Rajasthan,Jaisalmer,669919,67.02,20.94,11.94,43.7,5.66,Rural,25-50k,1.99,0.27
Rajasthan,Jaisalmer,669919,67.02,20.94,11.94,43.7,5.16,Urban,50-100k,2.1,0.28
Rajasthan,Jalor,1828730,64.33,21.36,13.64,44.53,5.7,Rural,25-50k,2.19,0.28
Rajasthan,Jalor,1828730,64.33,21.36,13.64,44.53,5.37,Urban,50-100k,2.66,0.3
Rajasthan,Jhalawar,1411129,60.27,24.53,15.14,51.5,4.96,Rural,50-100k,2.38,0.32
Rajasthan,Jhalawar,1411129,60.27,24.53,15.14,51.5,4.98,Urban,50-100k,2.55,0.33
Rajasthan,Jhunjhunun,2137045,60.77,23.12,15.45,65.79,5.51,Rural,100-200k,3.24,0.39
Rajasthan,Jhunjhunun,2137045,60.77,23.12,15.45,65.79,5.62,Urban,100-200k,3.22,0.39
Rajasthan,Jodhpur,3687165,64.0,22.68,13.27,56.07,5.69,Rural,50-100k,2.98,0.35
Rajasthan,Jodhpur,3687165,64.0,22.68,13.27,56.07,5.29,Urban,100-200k,3.2,0.35
Rajasthan,Karauli,1458248,64.95,21.31,13.17,54.64,5.45,Rural,25-50k,2.17,0.31
Rajasthan,Karauli,1458248,64.95,21.31,13.17,54.64,5.59,Urban,100-200k,2.49,0.32
Rajasthan,Kota,1951014,60.35,25.42,14.12,68.82,5.13,Rural,100-200k,3.15,0.4
Rajasthan,Kota,1951014,60.35,25.42,14.12,68.82,4.81,Urban,100-200k,3.67,0.42
Rajasthan,Nagaur,3307743,63.13,22.8,14.01,53.43,5.54,Rural,50-100k,2.8,0.34
Rajasthan,Nagaur,3307743,63.13,22.8,14.01,53.43,5.83,Urban,100-200k,2.71,0.33
Rajasthan,Pali,2037573,59.29,22.94,16.85,52.48,5.07,Rural,50-100k,2.82,0.33
Rajasthan,Pali,2037573,59.29,22.94,16.85,52.48,5.19,Urban,100-200k,3.04,0.34
Rajasthan,Pratapgarh,867848,62.91,23.6,13.32,45.11,4.89,Rural,25-50k,1.84,0.28
Rajasthan,Pratapgarh,867848,62.91,23.6,13.32,45.11,4.83,Urban,50-100k,2.11,0.29
Rajasthan,Rajsamand,1156597,59.41,23.79,16.74,53.21,4.9,Rural,50-100k,2.58,0.33
Rajasthan,Rajsamand,1156597,59.41,23.79,16.74,53.21,4.97,Urban,50-100k,2.72,0.34
Rajasthan,Sawai Madhopur,1335551,63.02,23.15,13.72,55.84,5.16,Rural,50-100k,2.48,0.33
Rajasthan,Sawai Madhopur,1335551,63.02,23.15,13.72,55.84,5.35,Urban,100-200k,2.98,0.35
Rajasthan,Sikar,2677333,62.48,22.6,14.24,63.07,5.82,Rural,100-200k,3.18,0.37
Rajasthan,Sikar,2677333,62.48,22.6,14.24,63.07,5.93,Urban,100-200k,3.17,0.37
Rajasthan,Sirohi,1036346,62.65,23.58,13.73,45.24,5.31,Rural,50-100k,2.55,0.31
Rajasthan,Sirohi,1036346,62.65,23.58,13.73,45.24,4.9,Urban,100-200k,2.99,0.32
Rajasthan,Tonk,1421326,61.93,23.5,14.46,53.11,5.17,Rural,50-100k,2.42,0.33
Rajasthan,Tonk,1421326,61.93,23.5,14.46,53.11,5.48,Urban,100-200k,2.97,0.34
Rajasthan,Udaipur,3068420,61.15,24.09,14.7,50.87,5.0,Rural,25-50k,2.36,0.32
Rajasthan,Udaipur,3068420,61.15,24.09,14.7,50.87,4.76,Urban,100-200k,2.99,0.34
Sikkim,East District,283583,58.37,28.34,13.21,84.89,4.81,Rural,100-200k,3.75,0.48
Sikkim,East District,283583,58.37,28.34,13.21,84.89,4.25,Urban,50-100k,4.56,0.5
Sikkim,North  District,43709,62.0,26.71,11.18,79.87,4.65,Rural,50-100k,2.72,0.43
Sikkim,North  District,43709,62.0,26.71,11.18,79.87,4.48,Urban,50-100k,3.7,0.46
Sikkim,South District,146850,59.91,25.41,14.29,81.4,4.91,Rural,100-200k,3.19,0.44
Sikkim,South District,146850,59.91,25.41,14.29,81.4,4.32,Urban,50-100k,4.22,0.47
Sikkim,West District,136435,61.72,23.84,14.22,76.8,4.94,Rural,100-200k,2.94,0.41
Sikkim,West District,136435,61.72,23.84,14.22,76.8,4.64,Urban,50-100k,3.75,0.44
Tamil Nadu,Ariyalur,754894,50.4,28.63,20.9,67.31,3.95,Rural,200k+,3.75,0.43
Tamil Nadu,Ariyalur,754894,50.4,28.63,20.9,67.31,4.11,Urban,100-200k,3.99,0.44
Tamil Nadu,Chennai,4646732,48.89,31.61,19.35,90.01,4.02,Urban,200k+,5.78,0.57
Tamil Nadu,Coimbatore,3458045,45.68,32.31,21.91,83.53,3.52,Rural,200k+,4.89,0.53
Tamil Nadu,Coimbatore,3458045,45.68,32.31,21.91,83.53,3.71,Urban,100-200k,5.09,0.53
Tamil Nadu,Cuddalore,2605914,52.36,29.34,18.17,74.11,4.19,Rural,200k+,4.32,0.47
Tamil Nadu,Cuddalore,2605914,52.36,29.34,18.17,74.11,4.23,Urban,100-200k,4.73,0.48
Tamil Nadu,Dharmapuri,1506843,53.37,28.82,17.75,64.15,4.13,Rural,200k+,4.0,0.43
Tamil Nadu,Dharmapuri,1506843,53.37,28.82,17.75,64.15,4.09,Urban,100-200k,4.27,0.44
Tamil Nadu,Dindigul,2159775,49.34,29.99,20.54,75.51,3.94,Rural,200k+,4.21,0.47
Tamil Nadu,Dindigul,2159775,49.34,29.99,20.54,75.51,3.91,Urban,100-200k,4.39,0.48
Tamil Nadu,Erode,2251744,44.7,31.15,24.08,71.06,3.42,Rural,200k+,4.52,0.47
Tamil Nadu,Erode,2251744,44.7,31.15,24.08,71.06,3.51,Urban,100-200k,4.66,0.48
Tamil Nadu,Kancheepuram,3998252,51.93,30.02,17.91,81.62,4.09,Rural,200k+,5.01,0.52
Tamil Nadu,Kancheepuram,3998252,51.93,30.02,17.91,81.62,3.98,Urban,200k+,5.17,0.52
Tamil Nadu,Kanniyakumari,1870374,47.43,29.76,22.77,88.01,4.04,Rural,200k+,4.67,0.52
Tamil Nadu,Kanniyakumari,1870374,47.43,29.76,22.77,88.01,4.06,Urban,200k+,4.63,0.52
Tamil Nadu,Karur,1064493,47.12,30.12,22.72,72.42,3.85,Rural,200k+,4.63,0.48
Tamil Nadu,Karur,1064493,47.12,30.12,22.72,72.42,3.73,Urban,100-200k,4.79,0.48
Tamil Nadu,Krishnagiri,1879809,55.03,28.36,16.56,67.24,4.34,Rural,200k+,4.22,0.44
Tamil Nadu,Krishnagiri,1879809,55.03,28.36,16.56,67.24,4.15,Urban,100-200k,4.47,0.45
Tamil Nadu,Madurai,3038252,50.3,30.07,19.55,83.5,3.91,Rural,200k+,4.55,0.51
Tamil Nadu,Madurai,3038252,50.3,30.07,19.55,83.5,3.91,Urban,100-200k,4.81,0.52
Tamil Nadu,Nagapattinam,1616450,51.25,28.66,20.03,82.71,3.99,Rural,200k+,4.08,0.49
Tamil Nadu,Nagapattinam,1616450,51.25,28.66,20.03,82.71,4.07,Urban,100-200k,4.38,0.49
Tamil Nadu,Namakkal,1726601,47.37,29.56,23.0,75.17,3.55,Rural,200k+,4.58,0.48
Tamil Nadu,Namakkal,1726601,47.37,29.56,23.0,75.17,3.65,Urban,100-200k,4.72,0.49
Tamil Nadu,Perambalur,565223,51.55,27.99,20.37,77.52,3.78,Rural,200k+,4.24,0.47
Tamil Nadu,Perambalur,565223,51.55,27.99,20.37,77.52,3.91,Urban,100-200k,4.41,0.48
Tamil Nadu,Pudukkottai,1618345,51.65,29.07,19.23,71.29,4.37,Rural,200k+,3.94,0.45
Tamil Nadu,Pudukkottai,1618345,51.65,29.07,19.23,71.29,4.18,Urban,100-200k,4.17,0.46
Tamil Nadu,Ramanathapuram,1353445,52.33,28.8,18.68,90.12,4.3,Rural,200k+,4.06,0.51
Tamil Nadu,Ramanathapuram,1353445,52.33,28.8,18.68,90.12,4.38,Urban,100-200k,4.31,0.51
Tamil Nadu,Salem,3482056,49.89,29.57,20.48,70.53,3.85,Rural,200k+,4.39,0.46
Tamil Nadu,Salem,3482056,49.89,29.57,20.48,70.53,3.88,Urban,100-200k,4.6,0.47
Tamil Nadu,Sivaganga,1339101,49.75,29.23,20.94,75.52,4.08,Rural,200k+,4.15,0.47
Tamil Nadu,Sivaganga,1339101,49.75,29.23,20.94,75.52,4.03,Urban,100-200k,4.33,0.47
Tamil Nadu,Thanjavur,2405890,49.59,29.59,20.75,79.52,4.09,Rural,200k+,4.16,0.48
Tamil Nadu,Thanjavur,2405890,49.59,29.59,20.75,79.52,4.02,Urban,100-200k,4.45,0.49
Tamil Nadu,The Nilgiris,735394,47.94,31.47,20.51,83.26,3.73,Rural,100-200k,4.06,0.5
Tamil Nadu,The Nilgiris,735394,47.94,31.47,20.51,83.26,3.86,Urban,100-200k,4.06,0.5
Tamil Nadu,Theni,1245899,49.68,29.98,20.25,76.27,3.76,Rural,200k+,4.51,0.48
Tamil Nadu,Theni,1245899,49.68,29.98,20.25,76.27,3.78,Urban,100-200k,4.56,0.49
Tamil Nadu,Thiruvallur,3728104,51.64,30.97,17.26,82.07,4.03,Rural,200k+,5.16,0.52
Tamil Nadu,Thiruvallur,3728104,51.64,30.97,17.26,82.07,4.02,Urban,200k+,5.25,0.53
Tamil Nadu,Thiruvarur,1264277,49.66,29.83,20.34,84.35,3.97,Rural,200k+,4.03,0.49
Tamil Nadu,Thiruvarur,1264277,49.66,29.83,20.34,84.35,4.04,Urban,100-200k,4.35,0.5
Tamil Nadu,Thoothukkudi,1750176,50.72,28.53,20.65,83.59,3.84,Rural,200k+,4.42,0.5
Tamil Nadu,Thoothukkudi,1750176,50.72,28.53,20.65,83.59,3.96,Urban,100-200k,4.51,0.5
Tamil Nadu,Tiruchirappalli,2722290,49.47,29.29,21.16,83.56,3.96,Rural,200k+,4.53,0.5
Tamil Nadu,Tiruchirappalli,2722290,49.47,29.29,21.16,83.56,3.95,Urban,100-200k,4.8,0.51
Tamil Nadu,Tirunelveli,3077233,50.51,28.47,20.95,78.54,3.86,Rural,200k+,4.29,0.48
Tamil Nadu,Tirunelveli,3077233,50.51,28.47,20.95,78.54,3.91,Urban,100-200k,4.27,0.48
Tamil Nadu,Tiruppur,2479052,47.52,32.05,20.36,76.12,3.45,Rural,200k+,4.69,0.5
Tamil Nadu,Tiruppur,2479052,47.52,32.05,20.36,76.12,3.59,Urban,100-200k,4.87,0.5
Tamil Nadu,Tiruvannamalai,2464875,52.8,27.75,19.38,70.75,4.3,Rural,200k+,4.42,0.46
Tamil Nadu,Tiruvannamalai,2464875,52.8,27.75,19.38,70.75,4.34,Urban,200k+,4.65,0.46
Tamil Nadu,Vellore,3936331,53.25,28.36,18.31,75.68,4.27,Rural,200k+,4.7,0.48
Tamil Nadu,Vellore,3936331,53.25,28.36,18.31,75.68,4.36,Urban,200k+,4.84,0.49
Tamil Nadu,Viluppuram,3458873,54.4,27.46,18.04,68.71,4.44,Rural,200k+,4.2,0.44
Tamil Nadu,Viluppuram,3458873,54.4,27.46,18.04,68.71,4.34,Urban,100-200k,4.56,0.45
Tamil Nadu,Virudhunagar,1942288,50.84,29.6,19.47,77.62,3.7,Rural,200k+,4.39,0.48
Tamil Nadu,Virudhunagar,1942288,50.84,29.6,19.47,77.62,3.67,Urban,100-200k,4.5,0.49
Tripura,Dhalai,378230,61.41,25.26,13.29,71.68,4.54,Rural,25-50k,1.97,0.38
Tripura,Dhalai,378230,61.41,25.26,13.29,71.68,3.97,Urban,50-100k,2.32,0.39
Tripura,North Tripura,693947,59.79,25.74,14.45,76.84,4.68,Rural,25-50k,2.04,0.39
Tripura,North Tripura,693947,59.79,25.74,14.45,76.84,4.18,Urban,50-100k,2.62,0.41
Tripura,South Tripura,876001,57.71,27.02,15.23,77.45,4.29,Rural,50-100k,2.15,0.41
Tripura,South Tripura,876001,57.71,27.02,15.23,77.45,3.85,Urban,100-200k,2.59,0.42
Tripura,West Tripura,1725739,54.49,28.96,16.49,82.99,4.36,Rural,50-100k,2.68,0.45
Tripura,West Tripura,1725739,54.49,28.96,16.49,82.99,4.06,Urban,100-200k,3.22,0.46
Uttar Pradesh,Agra,4418797,64.99,22.43,12.4,73.57,6.06,Rural,100-200k,3.2,0.41
Uttar Pradesh,Agra,4418797,64.99,22.43,12.4,73.57,5.67,Urban,100-200k,3.82,0.42
Uttar Pradesh,Aligarh,3673889,64.73,21.43,12.87,60.75,5.84,Rural,25-50k,2.41,0.34
Uttar Pradesh,Aligarh,3673889,64.73,21.43,12.87,60.75,5.69,Urban,100-200k,3.19,0.36
Uttar Pradesh,Allahabad,5954391,63.22,22.42,13.74,67.61,5.93,Rural,25-50k,2.33,0.36
Uttar Pradesh,Allahabad,5954391,63.22,22.42,13.74,67.61,5.54,Urban,100-200k,3.01,0.38
Uttar Pradesh,Ambedkar Nagar,2397888,62.53,21.49,15.31,64.64,6.25,Rural,<25k,1.79,0.33
Uttar Pradesh,Ambedkar Nagar,2397888,62.53,21.49,15.31,64.64,6.08,Urban,50-100k,1.94,0.34
Uttar Pradesh,Auraiya,1379545,62.07,23.25,14.65,77.12,5.51,Rural,25-50k,2.34,0.39
Uttar Pradesh,Auraiya,1379545,62.07,23.25,14.65,77.12,5.47,Urban,50-100k,3.0,0.41
Uttar Pradesh,Azamgarh,4613913,63.51,20.93,15.17,69.47,6.48,Rural,25-50k,2.08,0.35
Uttar Pradesh,Azamgarh,4613913,63.51,20.93,15.17,69.47,6.5,Urban,50-100k,2.51,0.37
Uttar Pradesh,Baghpat,1303048,62.71,21.74,14.93,67.93,6.01,Rural,50-100k,2.46,0.36
Uttar Pradesh,Baghpat,1303048,62.71,21.74,14.93,67.93,5.78,Urban,100-200k,3.04,0.38
Uttar Pradesh,Bahraich,3487731,65.25,21.63,12.79,42.13,5.47,Rural,<25k,1.45,0.26
Uttar Pradesh,Bahraich,3487731,65.25,21.63,12.79,42.13,5.81,Urban,50-100k,1.93,0.27
Uttar Pradesh,Ballia,3239774,60.99,22.36,15.51,65.54,6.3,Rural,25-50k,2.3,0.36
Uttar Pradesh,Ballia,3239774,60.99,22.36,15.51,65.54,6.17,Urban,50-100k,2.74,0.37
Uttar Pradesh,Balrampur,2148665,65.86,20.59,13.22,39.45,6.07,Rural,<25k,1.49,0.25
Uttar Pradesh,Balrampur,2148665,65.86,20.59,13.22,39.45,6.0,Urban,50-100k,2.07,0.26
Uttar Pradesh,Banda,1799410,62.27,22.7,14.74,63.04,5.55,Rural,<25k,1.67,0.33
Uttar Pradesh,Banda,1799410,62.27,22.7,14.74,63.04,5.4,Urban,50-100k,2.53,0.36
Uttar Pradesh,Bara Banki,3260699,62.67,21.76,13.66,52.34,5.43,Rural,<25k,1.9,0.3
Uttar Pradesh,Bara Banki,3260699,62.67,21.76,13.66,52.34,5.71,Urban,50-100k,2.3,0.31
Uttar Pradesh,Bareilly,4448359,65.06,21.41,11.56,55.68,5.76,Rural,<25k,2.29,0.32
Uttar Pradesh,Bareilly,4448359,65.06,21.41,11.56,55.68,5.52,Urban,50-100k,3.0,0.34
Uttar Pradesh,Basti,2464464,63.87,21.07,14.77,57.71,6.16,Rural,<25k,1.74,0.31
Uttar Pradesh,Basti,2464464,63.87,21.07,14.77,57.71,5.89,Urban,50-100k,2.28,0.33
Uttar Pradesh,Bijnor,3682713,65.29,21.35,12.22,62.0,5.67,Rural,25-50k,2.37,0.34
Uttar Pradesh,Bijnor,3682713,65.29,21.35,12.22,62.0,5.7,Urban,50-100k,2.93,0.36
Uttar Pradesh,Budaun,3681896,66.16,20.33,11.52,44.29,5.85,Rural,<25k,1.67,0.26
Uttar Pradesh,Budaun,3681896,66.16,20.33,11.52,44.29,5.67,Urban,25-50k,2.15,0.28
Uttar Pradesh,Bulandshahr,3499171,64.19,21.55,13.51,63.15,5.81,Rural,25-50k,2.33,0.35
Uttar Pradesh,Bulandshahr,3499171,64.19,21.55,13.51,63.15,5.67,Urban,50-100k,2.94,0.36
Uttar Pradesh,Chandauli,1952756,62.61,22.38,14.74,68.38,6.1,Rural,25-50k,2.17,0.36
Uttar Pradesh,Chandauli,1952756,62.61,22.38,14.74,68.38,5.96,Urban,50-100k,2.89,0.38
Uttar Pradesh,Chitrakoot,991730,64.34,21.6,13.78,58.04,5.68,Rural,<25k,1.66,0.31
Uttar Pradesh,Chitrakoot,991730,64.34,21.6,13.78,58.04,5.49,Urban,50-100k,2.36,0.33
Uttar Pradesh,Deoria,3100946,62.77,21.44,15.52,62.4,6.43,Rural,25-50k,2.48,0.35
Uttar Pradesh,Deoria,3100946,62.77,21.44,15.52,62.4,6.24,Urban,50-100k,2.79,0.36
Uttar Pradesh,Etah,1774480,64.77,21.62,13.38,59.5,5.9,Rural,<25k,1.98,0.32
Uttar Pradesh,Etah,1774480,64.77,21.62,13.38,59.5,5.69,Urban,50-100k,2.74,0.35
Uttar Pradesh,Etawah,1581810,61.93,22.89,15.03,72.75,5.62,Rural,25-50k,2.59,0.39
Uttar Pradesh,Etawah,1581810,61.93,22.89,15.03,72.75,5.54,Urban,100-200k,3.41,0.41
Uttar Pradesh,Faizabad,2470996,62.11,21.98,14.87,59.64,5.72,Rural,<25k,1.83,0.32
Uttar Pradesh,Faizabad,2470996,62.11,21.98,14.87,59.64,5.63,Urban,50-100k,2.41,0.34
Uttar Pradesh,Farrukhabad,1885204,64.96,21.81,13.09,60.58,5.81,Rural,<25k,2.3,0.34
Uttar Pradesh,Farrukhabad,1885204,64.96,21.81,13.09,60.58,5.56,Urban,50-100k,2.71,0.35
Uttar Pradesh,Fatehpur,2632733,61.72,22.94,15.02,62.81,5.55,Rural,<25k,1.73,0.33
Uttar Pradesh,Fatehpur,2632733,61.72,22.94,15.02,62.81,5.45,Urban,50-100k,2.26,0.35
Uttar Pradesh,Firozabad,2498156,64.89,21.77,12.52,69.36,5.86,Rural,25-50k,2.72,0.38
Uttar Pradesh,Firozabad,2498156,64.89,21.77,12.52,69.36,5.72,Urban,100-200k,3.49,0.4
Uttar Pradesh,Gautam Buddha Nagar,1648115,61.62,24.45,11.46,76.64,5.77,Rural,100-200k,3.71,0.44
Uttar Pradesh,Gautam Buddha Nagar,1648115,61.62,24.45,11.46,76.64,4.51,Urban,100-200k,4.4,0.46
Uttar Pradesh,Ghaziabad,4681645,61.75,24.35,11.96,77.92,5.87,Rural,100-200k,3.7,0.44
Uttar Pradesh,Ghaziabad,4681645,61.75,24.35,11.96,77.92,5.15,Urban,100-200k,4.41,0.46
Uttar Pradesh,Ghazipur,3620268,61.72,21.38,15.37,68.53,6.38,Rural,<25k,1.86,0.35
Uttar Pradesh,Ghazipur,3620268,61.72,21.38,15.37,68.53,6.13,Urban,50-100k,2.49,0.37
Uttar Pradesh,Gonda,3433919,64.74,21.4,13.53,50.9,5.97,Rural,<25k,1.59,0.29
Uttar Pradesh,Gonda,3433919,64.74,21.4,13.53,50.9,5.68,Urban,50-100k,2.28,0.31
Uttar Pradesh,Gorakhpur,4440895,62.05,22.34,14.85,65.0,6.17,Rural,25-50k,2.42,0.36
Uttar Pradesh,Gorakhpur,4440895,62.05,22.34,14.85,65.0,5.79,Urban,100-200k,2.92,0.37
Uttar Pradesh,Hamirpur,1104285,59.84,23.58,16.4,64.17,5.41,Rural,<25k,1.98,0.35
Uttar Pradesh,Hamirpur,1104285,59.84,23.58,16.4,64.17,5.41,Urban,50-100k,2.73,0.37
Uttar Pradesh,Hardoi,4092845,63.49,22.12,13.68,59.99,5.58,Rural,<25k,1.54,0.31
Uttar Pradesh,Hardoi,4092845,63.49,22.12,13.68,59.99,5.71,Urban,25-50k,1.91,0.33
Uttar Pradesh,Jalaun,1689974,59.34,24.27,16.27,69.96,5.68,Rural,25-50k,2.37,0.38
Uttar Pradesh,Jalaun,1689974,59.34,24.27,16.27,69.96,5.6,Urban,50-100k,3.11,0.4
Uttar Pradesh,Jaunpur,4494204,62.89,20.63,15.35,67.01,6.36,Rural,<25k,1.91,0.34
Uttar Pradesh,Jaunpur,4494204,62.89,20.63,15.35,67.01,6.21,Urban,50-100k,2.47,0.36
Uttar Pradesh,Jhansi,1998603,58.61,25.55,15.43,72.98,5.28,Rural,25-50k,2.79,0.4
Uttar Pradesh,Jhansi,1998603,58.61,25.55,15.43,72.98,5.33,Urban,100-200k,3.43,0.42
Uttar Pradesh,Jyotiba Phule Nagar,1840221,66.69,21.26,11.73,65.4,5.74,Rural,<25k,2.01,0.34
Uttar Pradesh,Jyotiba Phule Nagar,1840221,66.69,21.26,11.73,65.4,5.62,Urban,50-100k,2.54,0.36
Uttar Pradesh,Kannauj,1656616,64.58,21.79,13.49,65.19,5.7,Rural,<25k,2.13,0.35
Uttar Pradesh,Kannauj,1656616,64.58,21.79,13.49,65.19,5.68,Urban,50-100k,2.64,0.36
Uttar Pradesh,Kanpur Dehat,1796184,61.29,23.16,15.38,71.12,5.39,Rural,<25k,1.94,0.36
Uttar Pradesh,Kanpur Dehat,1796184,61.29,23.16,15.38,71.12,5.44,Urban,50-100k,2.52,0.38
Uttar Pradesh,Kanpur Nagar,4581268,57.42,26.4,15.97,82.74,5.28,Rural,25-50k,3.3,0.45
Uttar Pradesh,Kanpur Nagar,4581268,57.42,26.4,15.97,82.74,5.18,Urban,100-200k,4.03,0.47
Uttar Pradesh,Kanshiram Nagar,1436719,65.87,20.97,12.77,52.79,5.87,Rural,<25k,1.87,0.3
Uttar Pradesh,Kanshiram Nagar,1436719,65.87,20.97,12.77,52.79,5.84,Urban,50-100k,2.53,0.32
Uttar Pradesh,Kaushambi,1599596,64.65,21.03,13.16,54.81,5.62,Rural,<25k,1.55,0.3
Uttar Pradesh,Kaushambi,1599596,64.65,21.03,13.16,54.81,5.55,Urban,25-50k,1.93,0.31
Uttar Pradesh,Kheri,4021243,64.22,22.3,12.7,52.59,5.42,Rural,<25k,1.67,0.3
Uttar Pradesh,Kheri,4021243,64.22,22.3,12.7,52.59,5.44,Urban,25-50k,2.11,0.31
Uttar Pradesh,Kushinagar,3564544,62.75,21.68,14.04,55.77,6.12,Rural,<25k,1.82,0.31
Uttar Pradesh,Kushinagar,3564544,62.75,21.68,14.04,55.77,5.9,Urban,50-100k,2.24,0.32
Uttar Pradesh,Lalitpur,1221592,64.96,21.7,13.07,55.72,5.35,Rural,25-50k,1.91,0.31
Uttar Pradesh,Lalitpur,1221592,64.96,21.7,13.07,55.72,5.25,Urban,50-100k,2.74,0.34
Uttar Pradesh,Lucknow,4589838,58.35,25.31,14.93,73.17,5.39,Rural,50-100k,3.51,0.43
Uttar Pradesh,Lucknow,4589838,58.35,25.31,14.93,73.17,5.18,Urban,100-200k,4.19,0.45
Uttar Pradesh,Mahamaya Nagar,1564708,64.62,21.67,13.43,68.63,5.78,Rural,25-50k,2.4,0.36
Uttar Pradesh,Mahamaya Nagar,1564708,64.62,21.67,13.43,68.63,5.7,Urban,100-200k,2.89,0.38
Uttar Pradesh,Mahoba,875958,60.17,22.99,15.68,54.74,5.51,Rural,<25k,2.09,0.32
Uttar Pradesh,Mahoba,875958,60.17,22.99,15.68,54.74,5.42,Urban,50-100k,2.64,0.34
Uttar Pradesh,Mahrajganj,2684703,63.12,22.17,13.8,53.12,5.99,Rural,<25k,1.8,0.3
Uttar Pradesh,Mahrajganj,2684703,63.12,22.17,13.8,53.12,5.87,Urban,50-100k,2.38,0.32
Uttar Pradesh,Mainpuri,1868529,63.88,21.53,14.22,69.86,5.82,Rural,25-50k,2.38,0.37
Uttar Pradesh,Mainpuri,1868529,63.88,21.53,14.22,69.86,5.6,Urban,50-100k,3.14,0.39
Uttar Pradesh,Mathura,2547184,62.84,21.03,12.87,68.56,5.89,Rural,50-100k,2.85,0.38
Uttar Pradesh,Mathura,2547184,62.84,21.03,12.87,68.56,5.6,Urban,100-200k,3.25,0.39
Uttar Pradesh,Mau,2205968,63.59,21.19,14.65,67.4,6.42,Rural,25-50k,2.4,0.36
Uttar Pradesh,Mau,2205968,63.59,21.19,14.65,67.4,6.41,Urban,50-100k,2.47,0.36
Uttar Pradesh,Meerut,3443689,62.87,22.66,13.12,68.38,5.98,Rural,50-100k,3.2,0.39
Uttar Pradesh,Meerut,3443689,62.87,22.66,13.12,68.38,5.52,Urban,100-200k,3.8,0.41
Uttar Pradesh,Mirzapur,2496970,63.7,22.11,13.89,62.19,5.86,Rural,25-50k,2.04,0.34
Uttar Pradesh,Mirzapur,2496970,63.7,22.11,13.89,62.19,5.8,Urban,50-100k,2.52,0.35
Uttar Pradesh,Moradabad,4772006,66.39,20.71,11.01,51.91,5.89,Rural,<25k,2.14,0.3
Uttar Pradesh,Moradabad,4772006,66.39,20.71,11.01,51.91,5.58,Urban,50-100k,2.8,0.32
Uttar Pradesh,Muzaffarnagar,4143512,64.48,22.0,13.14,62.81,5.96,Rural,25-50k,2.57,0.35
Uttar Pradesh,Muzaffarnagar,4143512,64.48,22.0,13.14,62.81,5.69,Urban,100-200k,3.07,0.37
Uttar Pradesh,Pilibhit,2031007,65.02,22.14,12.62,52.04,5.49,Rural,<25k,1.87,0.3
Uttar Pradesh,Pilibhit,2031007,65.02,22.14,12.62,52.04,5.41,Urban,50-100k,2.37,0.32
Uttar Pradesh,Pratapgarh,3209141,62.4,21.93,15.33,64.57,5.98,Rural,<25k,1.84,0.34
Uttar Pradesh,Pratapgarh,3209141,62.4,21.93,15.33,64.57,5.84,Urban,50-100k,2.38,0.35
Uttar Pradesh,Rae Bareli,3405559,62.13,22.8,14.88,60.44,5.46,Rural,25-50k,2.0,0.33
Uttar Pradesh,Rae Bareli,3405559,62.13,22.8,14.88,60.44,5.48,Urban,50-100k,2.53,0.35
Uttar Pradesh,Rampur,2335819,67.48,21.03,11.08,45.79,5.82,Rural,<25k,2.12,0.29
Uttar Pradesh,Rampur,2335819,67.48,21.03,11.08,45.79,5.56,Urban,50-100k,3.0,0.31
Uttar Pradesh,Saharanpur,3466382,64.29,22.21,12.52,61.88,5.74,Rural,50-100k,2.84,0.36
Uttar Pradesh,Saharanpur,3466382,64.29,22.21,12.52,61.88,5.48,Urban,100-200k,3.34,0.37
Uttar Pradesh,Sant Kabir Nagar,1715183,64.62,20.55,14.6,58.3,6.33,Rural,<25k,1.75,0.31
Uttar Pradesh,Sant Kabir Nagar,1715183,64.62,20.55,14.6,58.3,6.23,Urban,50-100k,2.07,0.32
Uttar Pradesh,Sant Ravidas Nagar (Bhadohi),1578213,65.41,21.02,13.3,62.21,6.43,Rural,25-50k,2.03,0.33
Uttar Pradesh,Sant Ravidas Nagar (Bhadohi),1578213,65.41,21.02,13.3,62.21,6.26,Urban,50-100k,2.43,0.34
Uttar Pradesh,Shahjahanpur,3006538,65.23,21.69,12.26,52.95,5.53,Rural,<25k,1.89,0.3
Uttar Pradesh,Shahjahanpur,3006538,65.23,21.69,12.26,52.95,5.6,Urban,50-100k,2.33,0.32
Uttar Pradesh,Shrawasti,1117361,64.75,21.94,12.89,37.63,5.55,Rural,<25k,1.31,0.24
Uttar Pradesh,Shrawasti,1117361,64.75,21.94,12.89,37.63,5.92,Urban,25-50k,1.71,0.25
Uttar Pradesh,Siddharthnagar,2559297,66.05,19.69,14.07,50.24,6.25,Rural,<25k,1.7,0.28
Uttar Pradesh,Siddharthnagar,2559297,66.05,19.69,14.07,50.24,6.04,Urban,50-100k,2.05,0.29
Uttar Pradesh,Sitapur,4483992,63.84,22.32,13.12,51.6,5.37,Rural,<25k,1.53,0.29
Uttar Pradesh,Sitapur,4483992,63.84,22.32,13.12,51.6,5.72,Urban,25-50k,1.99,0.3
Uttar Pradesh,Sonbhadra,1862559,64.64,22.49,12.77,56.95,5.51,Rural,<25k,1.88,0.32
Uttar Pradesh,Sonbhadra,1862559,64.64,22.49,12.77,56.95,5.02,Urban,25-50k,3.14,0.35
Uttar Pradesh,Sultanpur,3797117,62.6,21.81,15.28,66.69,5.95,Rural,25-50k,1.86,0.34
Uttar Pradesh,Sultanpur,3797117,62.6,21.81,15.28,66.69,5.69,Urban,50-100k,2.52,0.36
Uttar Pradesh,Unnao,3108367,60.92,22.74,14.59,61.08,5.39,Rural,<25k,1.91,0.33
Uttar Pradesh,Unnao,3108367,60.92,22.74,14.59,61.08,5.45,Urban,50-100k,2.51,0.35
Uttar Pradesh,Varanasi,3676841,61.48,23.28,14.46,72.62,6.22,Rural,50-100k,2.94,0.4
Uttar Pradesh,Varanasi,3676841,61.48,23.28,14.46,72.62,5.83,Urban,100-200k,3.56,0.42
Uttarakhand,Almora,622506,56.48,22.69,20.72,79.94,4.61,Rural,50-100k,2.49,0.41
Uttarakhand,Almora,622506,56.48,22.69,20.72,79.94,4.33,Urban,50-100k,3.54,0.44
Uttarakhand,Bageshwar,259898,56.75,23.3,19.88,78.37,4.64,Rural,100-200k,2.95,0.42
Uttarakhand,Bageshwar,259898,56.75,23.3,19.88,78.37,4.42,Urban,100-200k,3.96,0.45
Uttarakhand,Chamoli,391605,58.66,23.79,17.33,81.91,4.63,Rural,100-200k,2.74,0.42
Uttarakhand,Chamoli,391605,58.66,23.79,17.33,81.91,4.02,Urban,50-100k,3.8,0.46
Uttarakhand,Champawat,259648,60.43,23.39,16.14,74.0,5.04,Rural,50-100k,2.75,0.4
Uttarakhand,Champawat,259648,60.43,23.39,16.14,74.0,4.72,Urban,50-100k,3.51,0.42
Uttarakhand,Dehradun,1696694,57.08,26.29,16.28,80.94,5.14,Rural,200k+,4.61,0.49
Uttarakhand,Dehradun,1696694,57.08,26.29,16.28,80.94,4.66,Urban,200k+,4.76,0.49
Uttarakhand,Garhwal,687271,55.4,23.31,21.16,80.08,4.31,Rural,100-200k,2.99,0.42
Uttarakhand,Garhwal,687271,55.4,23.31,21.16,80.08,4.37,Urban,100-200k,3.58,0.44
Uttarakhand,Hardwar,1890422,63.85,23.03,13.03,66.98,5.68,Rural,100-200k,3.43,0.4
Uttarakhand,Hardwar,1890422,63.85,23.03,13.03,66.98,5.1,Urban,100-200k,4.06,0.42
Uttarakhand,Nainital,954605,58.93,25.47,15.4,80.7,5.09,Rural,100-200k,3.89,0.46
Uttarakhand,Nainital,954605,58.93,25.47,15.4,80.7,4.86,Urban,100-200k,4.37,0.48
Uttarakhand,Pithoragarh,483439,56.57,24.15,19.14,79.7,4.42,Rural,100-200k,3.05,0.43
Uttarakhand,Pithoragarh,483439,56.57,24.15,19.14,79.7,4.07,Urban,100-200k,4.1,0.46
Uttarakhand,Rudraprayag,242285,58.55,22.69,18.57,79.0,4.7,Rural,100-200k,3.07,0.42
Uttarakhand,Rudraprayag,242285,58.55,22.69,18.57,79.0,3.79,Urban,50-100k,3.88,0.44
Uttarakhand,Tehri Garhwal,618931,59.51,22.52,17.77,75.41,4.77,Rural,100-200k,3.19,0.41
Uttarakhand,Tehri Garhwal,618931,59.51,22.52,17.77,75.41,4.13,Urban,50-100k,3.98,0.44
Uttarakhand,Udham Singh Nagar,1648902,63.23,23.8,12.87,70.29,5.32,Rural,100-200k,3.42,0.41
Uttarakhand,Udham Singh Nagar,1648902,63.23,23.8,12.87,70.29,5.29,Urban,100-200k,3.87,0.42
Uttarakhand,Uttarkashi,330086,61.33,23.02,15.52,71.94,4.97,Rural,50-100k,2.98,0.4
Uttarakhand,Uttarkashi,330086,61.33,23.02,15.52,71.94,4.31,Urban,50-100k,3.77,0.42
West Bengal,Bankura,3596674,54.0,28.21,17.73,61.16,4.71,Rural,25-50k,2.2,0.36
West Bengal,Bankura,3596674,54.0,28.21,17.73,61.16,4.5,Urban,100-200k,3.15,0.39
West Bengal,Barddhaman,7717563,53.77,29.36,16.75,70.49,4.36,Rural,50-100k,2.75,0.41
West Bengal,Barddhaman,7717563,53.77,29.36,16.75,70.49,4.62,Urban,100-200k,3.64,0.44
West Bengal,Birbhum,3502404,57.35,27.18,15.4,61.58,4.31,Rural,25-50k,2.09,0.36
West Bengal,Birbhum,3502404,57.35,27.18,15.4,61.58,4.38,Urban,50-100k,2.98,0.38
West Bengal,Dakshin Dinajpur,1676276,55.91,27.8,16.19,66.97,4.34,Rural,25-50k,1.94,0.37
West Bengal,Dakshin Dinajpur,1676276,55.91,27.8,16.19,66.97,4.09,Urban,100-200k,2.98,0.4
West Bengal,Darjiling,1846823,55.84,28.33,15.7,76.0,4.75,Rural,50-100k,3.12,0.43
West Bengal,Darjiling,1846823,55.84,28.33,15.7,76.0,4.41,Urban,100-200k,3.77,0.45
West Bengal,Haora,4850029,53.34,29.35,17.18,79.55,4.53,Rural,50-100k,3.33,0.46
West Bengal,Haora,4850029,53.34,29.35,17.18,79.55,4.47,Urban,100-200k,3.87,0.47
West Bengal,Hugli,5519145,50.13,30.59,19.22,77.55,4.38,Rural,100-200k,3.26,0.45
West Bengal,Hugli,5519145,50.13,30.59,19.22,77.55,4.18,Urban,100-200k,3.93,0.47
West Bengal,Jalpaiguri,3872846,58.34,26.74,14.86,67.49,4.62,Rural,<25k,2.19,0.37
West Bengal,Jalpaiguri,3872846,58.34,26.74,14.86,67.49,4.34,Urban,50-100k,2.83,0.39
West Bengal,Koch Bihar,2819086,57.58,26.41,15.92,67.94,4.34,Rural,<25k,1.58,0.36
West Bengal,Koch Bihar,2819086,57.58,26.41,15.92,67.94,4.16,Urban,50-100k,2.42,0.38
West Bengal,Kolkata,4496694,45.04,31.87,22.57,89.72,4.22,Urban,100-200k,4.82,0.54
West Bengal,Maldah,3988845,62.95,23.95,13.04,51.56,4.75,Rural,25-50k,1.88,0.31
West Bengal,Maldah,3988845,62.95,23.95,13.04,51.56,4.59,Urban,50-100k,2.64,0.33
West Bengal,Murshidabad,7103807,61.81,24.18,13.96,57.22,4.46,Rural,25-50k,2.07,0.33
West Bengal,Murshidabad,7103807,61.81,24.18,13.96,57.22,4.78,Urban,50-100k,2.62,0.35
West Bengal,Nadia,5167600,53.14,28.74,18.08,68.91,4.29,Rural,25-50k,2.47,0.4
West Bengal,Nadia,5167600,53.14,28.74,18.08,68.91,4.13,Urban,100-200k,3.12,0.42
West Bengal,North Twenty Four Parganas,10009781,51.0,29.66,19.19,80.0,4.36,Rural,50-100k,3.02,0.45
West Bengal,North Twenty Four Parganas,10009781,51.0,29.66,19.19,80.0,4.11,Urban,100-200k,3.94,0.48
West Bengal,Paschim Medinipur,5913457,54.86,28.14,16.74,70.7,4.55,Rural,25-50k,2.14,0.39
West Bengal,Paschim Medinipur,5913457,54.86,28.14,16.74,70.7,4.47,Urban,50-100k,3.19,0.42
West Bengal,Purba Medinipur,5095875,56.25,27.16,16.52,79.34,4.58,Rural,25-50k,2.04,0.41
West Bengal,Purba Medinipur,5095875,56.25,27.16,16.52,79.34,4.53,Urban,50-100k,2.81,0.43
West Bengal,Puruliya,2930115,57.27,26.1,16.52,56.08,5.06,Rural,25-50k,1.93,0.33
West Bengal,Puruliya,2930115,57.27,26.1,16.52,56.08,5.0,Urban,50-100k,2.73,0.35
West Bengal,South Twenty Four Parganas,8161961,58.37,26.36,15.14,71.69,4.69,Rural,25-50k,2.25,0.39
West Bengal,South Twenty Four Parganas,8161961,58.37,26.36,15.14,71.69,4.31,Urban,50-100k,3.01,0.41
West Bengal,Uttar Dinajpur,3007134,63.72,23.44,12.81,51.0,5.01,Rural,<25k,1.75,0.3
West Bengal,Uttar Dinajpur,3007134,63.72,23.44,12.81,51.0,4.78,Urban,50-100k,2.56,0.32
